����,�ñ���,���鵿,����  � ����,���ǽü���,���Ȱ�� ����,���θ� �ּ�,�����ּ�,�����ο�,���ǽü� ����,���࿬��,��������,��۽ü�,�޼��ü�,�ڰ�������,��������,����ǰ��
1,���ֽ� �ϻ걸,�߾ӵ�,�����,�ٰ�,��Ÿ,���ֽ� �ϻ걸 ����õ���� 224,���ֽ� �ϻ걸 �ٰ���3�� 185,1571,1296,1980-01-01,1980-01-01,����,��,��,��,3
2,���ֽ� �ϻ걸,�߾ӵ�,�����,�ϳ���������,�󰡽ü�,���ֽ� �ϻ걸 �ȴ޷� 229,���ֽ� �ϻ걸 ���絿 2-1,1515,1250,1984-01-01,2010-01-01,��۽ü�,��,��,��,2
3,���ֽ� �ϻ걸,�߾ӵ�,�����,�������ǽ���,�ְŽü�,���ֽ� �ϻ걸 ǳ����4�� 25-26,���ֽ� �ϻ걸 �߾ӵ�4�� 31-18,1898,1566,1994-01-01,2010-01-01,��۽ü�,��,��,��,2
4,���ֽ� �ϻ걸,�߾ӵ�,�����,�ؾ����̺�,�󰡽ü�,���ֽ� �ϻ걸 ���ְ���5�� 35,���ֽ� �ϻ걸 ���絿 96-1,6909,5700,2000-01-01,2010-01-01,��۽ü�,��,��,��,2
5,���ֽ� �ϻ걸,�߾ӵ�,�����,��������SK�����Ʈ,����Ʈ ���ϰ���,���ֽ� �ϻ걸 ����2�� 22,���ֽ� �ϻ걸 ���� 291,6061,5000,2009-01-01,2010-01-01,��۽ü�,��,��,��,2
6,���ֽ� �ϻ걸,ǳ����,�����,�Ѻ���ȭ��,���ǽü�,���ֽ� �ϻ걸 ����õ���� 20,���ֽ� �ϻ걸 ���� 7-1,2836,2340,2003-02-07,2003-02-07,��۽ü�,��,��,��,3
7,���ֽ� �ϻ걸,ǳ����,�����,����ȣ��,�󰡽ü�,���ֽ� �ϻ걸 �⸰��� 85,���ֽ� �ϻ걸 ǳ����3�� 26-5,5645,4657,2010-01-01,2010-01-01,��۽ü�,��,��,��,1
8,���ֽ� �ϻ걸,ǳ����,�����,�ѱ����빮ȭ����,���ǽü�,���ֽ� �ϻ걸 ����1�� 20,���ֽ� �ϻ걸 �����3�� 14-2,8627,7117,2012-06-04,2019-05-15,��۽ü�,��,��,��,3
9,���ֽ� �ϻ걸,��۵�,�����,ǳ���ʵ��б�,�����ü�,���ֽ� �ϻ걸 ���Ϳձ÷� 1,���ֽ� �ϻ걸 ����۵� 507���� 1ȣ,1018,840,1988-10-20,1988-10-20,����,��,��,��,3
10,���ֽ� �ϻ걸,��۵�,�����,�⸰������Ʈ,����Ʈ ����������,���ֽ� �ϻ걸 ���ͷ� 100,���ֽ� �ϻ걸 �߳�۵� 26���� 1ȣ,2219,1831,1993-03-30,1993-03-30,��۽ü�,��,��,��,0
11,���ֽ� �ϻ걸,��۵�,�����,������,�󰡽ü�,���ֽ� �ϻ걸 �⸰��� 213,���ֽ� �ϻ걸 ����۵� 568���� 95ȣ,12120,9999,2003-01-02,2003-01-02,��۽ü�,��,��,��,0
12,���ֽ� �ϻ걸,��۵�,�����,���ֽ�û,������,���ֽ� �ϻ걸 ��۱���� 10,���ֽ� �ϻ걸 ����۵� 568���� 1ȣ,1663,1372,2003-05-26,2003-05-26,��۽ü�,��,��,��,3
13,���ֽ� �ϻ걸,��۵�,�����,�켺�ؿ�������Ʈ,����Ʈ ����������,���ֽ� �ϻ걸 �κ����� 56,���ֽ� �ϻ걸 �߳�۵� 303����,4924,4062,2006-05-01,2006-05-01,��۽ü�,��,��,��,0
14,���ֽ� �ϻ걸,�ϻ굿,�����,������Ͽ콺����Ʈ,����Ʈ ����������,���ֽ� �ϻ걸 ����� 150,���ֽ� �ϻ걸 ���ϻ굿2��335,768,11000,2011-01-20,2011-01-30,��۽ü�,��,��,��,1
15,���ֽ� �ϻ걸,�ϻ굿,�����,��ǳ�Ѹ�������Ʈ,����Ʈ ����������,���ֽ� �ϻ걸 ���ڰ�7�� 22,���ֽ� �ϻ걸 ���ϻ굿2��341-1,424,350,2002-09-24,2003-01-01,��۽ü�,��,��,��,1
16,���ֽ� �ϻ걸,�ϻ굿,�����,�ϻ걳ȸ,�����ü�,���ֽ� �ϻ걸 ����õ���� 181,���ֽ� �ϻ걸 ���ϻ굿1��232-2,727,600,1995-01-20,2011-01-20,��۽ü�,��,��,��,1
17,���ֽ� �ϻ걸,�ϻ굿,�����,�ϻ�ø�������,�����ü�,���ֽ� �ϻ걸 ������4�� 12,���ֽ� �ϻ걸 ���ϻ굿464-1,727,600,1989-10-14,1990-01-20,��۽ü�,��,��,��,3
18,���ֽ� �ϻ걸,�����е�,�����,��������������Ʈ,����Ʈ ����������,���ֽ� �ϻ걸 �к�2�� 11 ,���ֽ� �ϻ걸 �����е� 279���� 4ȣ,1992,1643,2000-01-03,2000-01-03,��۽ü�,��,��,��,0
19,���ֽ� �ϻ걸,�����е�,�����,������������Ʈ A��,����Ʈ ����������,���ֽ� �ϻ걸 ������2�� 9  A��,���ֽ� �ϻ걸 �뼺�� 19���� 3ȣ A��,1704,1406,2000-01-01,2000-01-01,��۽ü�,��,��,��,0
20,���ֽ� �ϻ걸,�����е�,�����,������������Ʈ B��,����Ʈ ����������,���ֽ� �ϻ걸 ������2�� 9  B��,���ֽ� �ϻ걸 �뼺�� 19����,1330,1097,2000-01-01,2000-01-01,��۽ü�,��,��,��,0
21,���ֽ� �ϻ걸,�����е�,�����,��ƻ꼺����Ʈ,����Ʈ ����������,���ֽ� �ϻ걸 �����꼺1�� 37-0 ,���ֽ� �ϻ걸 �����е� 839���� 1ȣ,1293,1067,2011-01-20,2011-01-20,��۽ü�,��,��,��,0
22,���ֽ� �ϻ걸,�����е�,�����,�������������,������,���ֽ� �ϻ걸 ���з� 95,���ֽ� �ϻ걸 �����е� 896���� 1ȣ,7816,6448,2017-02-02,2017-02-02,��۽ü�,��,��,��,3
23,���ֽ� �ϻ걸,�����е�,�����,�ż������Ÿ��,����Ʈ ����������,���ֽ� �ϻ걸 �漮��64,���ֽ� �ϻ걸 �����е� 983-2,3482,2873,1992-01-30,2000-01-02,��۽ü�,��,��,��,0
24,���ֽ� �ϻ걸,�����е�,�����,���Ǫ���Ǽ�,����Ʈ ����������,���ֽ� �ϻ걸 �漮��53,���ֽ� �ϻ걸 �����е� 977-1,527,435,1998-01-30,2000-01-02,��۽ü�,��,��,��,0
25,���ֽ� �ϻ걸,�����е�,�����,�����������Ʈ,����Ʈ ���ϰ���,���ֽ� �ϻ걸 ������3��15,���ֽ� �ϻ걸 �����е� 318-10,6004,4953,2000-01-30,2000-01-02,��۽ü�,��,��,��,0
26,���ֽ� �ϻ걸,�����е�,�����,ȿ���漮��������Ʈ,����Ʈ ����������,���ֽ� �ϻ걸 �漮��1��85,���ֽ� �ϻ걸 �����е� 985-1,3880,3201,2001-01-30,2000-01-02,��۽ü�,��,��,��,0
27,���ֽ� �ϻ걸,�����е�,�����,��â�Ǽ�,����Ʈ ���ϰ���,���ֽ� �ϻ걸 ��¹��8��13,���ֽ� �ϻ걸 �����е� 369-9,1000,825,1989-04-03,2011-01-20,��۽ü�,��,��,��,0
28,���ֽ� �ϻ걸,�����е�,�����,��������Ʈ,����Ʈ ����������,���ֽ� �ϻ걸 �漮��65,���ֽ� �ϻ걸 �����е� 987-1,364,300,1992-02-25,2011-01-20,��۽ü�,��,��,��,0
29,���ֽ� �ϻ걸,��ȭ��1��,�����,����Ʈ����Ӿ���Ʈ,����Ʈ ����������,���ֽ� �ϻ걸 ������ 348,���ֽ� �ϻ걸 ��ȭ�굿1�� 327-12,5895,4863,2008-10-28,2011-01-20,��۽ü�,��,��,��,1
30,���ֽ� �ϻ걸,��ȭ��1��,�����,������ȭ��ǳ�����̿�����Ʈ,����Ʈ ����������,���ֽ� �ϻ걸 ������ 289,���ֽ� �ϻ걸 ��ȭ�굿2�� 827,2390,15964,2011-04-30,2011-12-29,��۽ü�,��,��,��,1
31,���ֽ� �ϻ걸,��ȭ��2��,�����,���뿡�ڸ� ����Ʈ,����Ʈ ����������,���ֽ� �ϻ걸 ȭ��õ���� 50,���ֽ� �ϻ걸 ��ȭ�굿2�� 745-1,4762,24777,2003-01-01,2011-01-20,��۽ü�,��,��,��,0
32,���ֽ� �ϻ걸,��ȭ��2��,�����,�����޺���1�� ����Ʈ ,����Ʈ ����������,���ֽ� �ϻ걸 ������ 306,���ֽ� �ϻ걸 ��ȭ�굿2�� 825,2291,1890,2005-01-01,2011-01-20,��۽ü�,��,��,��,0
33,���ֽ� �ϻ걸,��ȭ��2��,�����,�켺�߻�Ÿ�� ����Ʈ,����Ʈ ����������,���ֽ� �ϻ걸 ����3�� 1,���ֽ� �ϻ걸 ��ȭ�굿2�� 406-3,4642,3830,2003-01-01,2011-01-20,��۽ü�,��,��,��,0
34,���ֽ� �ϻ걸,���ŵ�,�����,��������Ʈ,����Ʈ ����������,���ֽ� �ϻ걸 ����õ��11��20,���ֽ� �ϻ걸 ���ŵ�762-2,1600,1320,1995-01-30,2000-01-01,��۽ü�,��,��,��,0
35,���ֽ� �ϻ걸,���ŵ�,�����,�������Ʈ,����Ʈ ����������,���ֽ� �ϻ걸 ����101,���ֽ� �ϻ걸 ���ŵ�765-1,7200,5940,1995-01-30,2000-01-01,��۽ü�,��,��,��,0
36,���ֽ� �ϻ걸,���ŵ�,�����,�������Ʈ,����Ʈ ����������,���ֽ� �ϻ걸 ���ͷ�74,���ֽ� �ϻ걸 ���ŵ�962-2,4000,3300,1998-01-30,2000-01-01,��۽ü�,��,��,��,0
37,���ֽ� �ϻ걸,���ŵ�,�����,���ŵ�����,�����ü�,���ֽ� �ϻ걸 ����õ��14��10,���ֽ� �ϻ걸 ���ŵ�804,1891,1560,2008-10-28,2011-01-20,��۽ü�,��,��,��,3
38,���ֽ� �ϻ걸,���ŵ�,�����,����������������,�󰡽ü�,���ֽ� �ϻ걸 �°�����1,���ֽ� �ϻ걸 ���ŵ�769-1,7240,5973,1999-12-21,2011-01-20,��۽ü�,��,��,��,0
39,���ֽ� �ϻ걸,���ŵ�,�����,KT���Ϻ���,�󰡽ü�,���ֽ� �ϻ걸 �°�����29,���ֽ� �ϻ걸 ���ŵ�766,4950,4084,2001-02-23,2011-01-20,��۽ü�,��,��,��,0
40,���ֽ� �ϻ걸,���ŵ�,�����,�Ե���ȭ�� ������,�󰡽ü�,���ֽ� �ϻ걸 �°�����2,���ֽ� �ϻ걸 ���ŵ�971,19200,20064,2007-05-18,2011-01-20,��۽ü�,��,��,��,0
41,���ֽ� �ϻ걸,���ŵ�,�����,�ż����̸�Ʈ,�󰡽ü�,���ֽ� �ϻ걸 ����111,���ֽ� �ϻ걸 ���ŵ�767,10960,9042,1998-11-25,2011-01-20,��۽ü�,��,��,��,0
42,���ֽ� �ϻ걸,���ŵ�,�����,���ű������Ϻ���,����ü�,���ֽ� �ϻ걸 �°�����29,���ֽ� �ϻ걸 ���ŵ�766,287,237,2000-01-30,2011-01-20,��۽ü�,��,��,��,0
43,���ֽ� �ϻ걸,���ŵ�,�����,�������Ϻ���,����ü�,���ֽ� �ϻ걸 �°�����1,���ֽ� �ϻ걸 ���ŵ�76-1,233,192,2000-01-30,2011-01-20,��۽ü�,��,��,��,0
44,���ֽ� �ϻ걸,��ȭ1��,�����,���ȸ������Ʈ,����Ʈ ���ϰ���,���ֽ� �ϻ걸 ������2�� 66,���ֽ� �ϻ걸 ��ȭ��1�� 761����,5259,4339,1996-09-02,1996-09-02,��۽ü�,��,��,��,0
45,���ֽ� �ϻ걸,��ȭ1��,�����,�ϼ�����Ʈ,����Ʈ ���ϰ���,���ֽ� �ϻ걸 ��ȭ19�� 20,���ֽ� �ϻ걸 ��ȭ��1�� 522����,2200,1815,1997-08-27,1997-09-03,��۽ü�,��,��,��,0
46,���ֽ� �ϻ걸,��ȭ1��,�����,�Ѽ�����Ʈ,����Ʈ ���ϰ���,���ֽ� �ϻ걸 ������1�� 33,���ֽ� �ϻ걸 ��ȭ��1�� 467����,1400,1155,1996-12-12,1997-05-09,��۽ü�,��,��,��,0
47,���ֽ� �ϻ걸,��ȭ1��,�����,��ȭ1�� ���Ϻ���,����ü�,���ֽ� �ϻ걸 ��¹��� 256,���ֽ� �ϻ걸 ��ȭ��1�� 445���� 8ȣ,257,212,1997-08-16,2000-01-01,��۽ü�,��,��,��,0
48,���ֽ� �ϻ걸,��ȭ1��,�����,ȿ�������Ӵ����Ʈ,����Ʈ ����������,���ֽ� �ϻ걸 ��¹���3�� 8,���ֽ� �ϻ걸 ��ȭ��1�� 412����,3725,3073,1996-07-17,2011-01-20,��۽ü�,��,��,��,0
49,���ֽ� �ϻ걸,��ȭ1��,�����,���׶߾���Ʈ,����Ʈ ����������,���ֽ� �ϻ걸 ������1�� 50,���ֽ� �ϻ걸 ��ȭ��1�� 766,2069,14617,2011-01-20,2011-01-20,��۽ü�,��,��,��,0
50,���ֽ� �ϻ걸,��ȭ2��,�����,�溹�þ���Ʈ 101��,����Ʈ ����������,���ֽ� �ϻ걸 ��ȭ�� 120,���ֽ� �ϻ걸 ��ȭ��2�� 180����,1255,1035,2011-01-20,2011-01-20,��۽ü�,��,��,��,0
51,���ֽ� �ϻ걸,��ȭ2��,�����,�����̼ҵ帲 3��,����Ʈ ����������,���ֽ� �ϻ걸 ��Ƿ� 4651,���ֽ� �ϻ걸 ��ȭ��2�� 457-4����,2424,2000,2011-01-20,2011-01-20,��۽ü�,��,��,��,0
52,���ֽ� �ϻ걸,��ȭ2��,�����,�����̼ҵ帲 6��,����Ʈ ����������,���ֽ� �ϻ걸 ��Ƿ� 4651,���ֽ� �ϻ걸 ��ȭ��2�� 457-4����,2424,2000,2011-01-20,2011-01-20,��۽ü�,��,��,��,0
53,���ֽ� �ϻ걸,��ȭ2��,�����,����1���� ����Ʈ(108��),����Ʈ ����������,���ֽ� �ϻ걸 ����2�� 10  108��,���ֽ� �ϻ걸 ��ȭ��2�� 567����,8502,7014,2011-01-20,2011-01-20,��۽ü�,��,��,��,0
54,���ֽ� �ϻ걸,��ȭ2��,�����,����2���� ����Ʈ(115��),����Ʈ ����������,���ֽ� �ϻ걸 ����2�� 52-7 115��,���ֽ� �ϻ걸 ��ȭ��2�� 606-1����,4327,3570,2007-01-01,2007-01-01,��۽ü�,��,��,��,0
55,���ֽ� �ϻ걸,��ȭ2��,�����,�����������Ʈ 101��,����Ʈ ����������,���ֽ� �ϻ걸 ����3�� 22,���ֽ� �ϻ걸 ��ȭ��2�� 843-1����,3891,3210,2011-01-20,2011-01-20,��۽ü�,��,��,��,0
56,���ֽ� �ϻ걸,��ȭ2��,�����,�̼���ȭ������ 101��,����Ʈ ����������,���ֽ� �ϻ걸 ��Ƿ� 4681,���ֽ� �ϻ걸 ��ȭ��2�� 310-1����,5433,4482,2011-01-20,2011-01-20,��۽ü�,��,��,��,0
57,���ֽ� �ϻ걸,��ȭ2��,�����,�������Ʈ����Ʈ,����Ʈ ����������,���ֽ� �ϻ걸 ��ȭ7�� 40,���ֽ� �ϻ걸 ��ȭ��2�� 943����,7783,6421,2007-01-01,2007-01-01,��۽ü�,��,��,��,0
58,���ֽ� �ϻ걸,��ȭ2��,�����,��̾���Ʈ,����Ʈ ����������,���ֽ� �ϻ걸 ��Ƿ� 4685,���ֽ� �ϻ걸 ��ȭ��2�� 312-6����,1783,1471,2007-01-01,2007-01-01,��۽ü�,��,��,��,0
59,���ֽ� �ϻ걸,��ȭ2��,�����,�ڿ��վ���Ʈ 12��,����Ʈ ����������,���ֽ� �ϻ걸 ��ȭ�� 181,���ֽ� �ϻ걸 ��ȭ��1�� 696����,5164,4260,2007-01-01,2007-01-01,��۽ü�,��,��,��,0
60,���ֽ� �ϻ걸,��ȭ2��,�����,�ڿ��վ���Ʈ 7��,����Ʈ ����������,���ֽ� �ϻ걸 ��ȭ�� 181,���ֽ� �ϻ걸 ��ȭ��1�� 696����,1588,1310,2007-01-01,2007-01-01,��۽ü�,��,��,��,0
61,���ֽ� �ϻ걸,��ȭ2��,�����,��ȭ�ְ��׸�1�� 107��,����Ʈ ����������,���ֽ� �ϻ걸 ���̷� 2094,���ֽ� �ϻ걸 ��ȭ��2�� 897-1����,2188,1805,2011-01-20,2011-01-20,��۽ü�,��,��,��,0
62,���ֽ� �ϻ걸,��ȭ2��,�����,��ȭ�ְ��׸�1�� 110��,����Ʈ ����������,���ֽ� �ϻ걸 ���̷� 2094,���ֽ� �ϻ걸 ��ȭ��2�� 897-1����,2287,1887,2011-01-20,2011-01-20,��۽ü�,��,��,��,0
63,���ֽ� �ϻ걸,��ȭ2��,�����,��ȭ�ְ��׸�2�� 201��,����Ʈ ����������,���ֽ� �ϻ걸 ��ȭ�� 100,���ֽ� �ϻ걸 ��ȭ��2�� 896-1����,2287,1887,2011-01-20,2011-01-20,��۽ü�,��,��,��,0
64,���ֽ� �ϻ걸,��ȭ2��,�����,��ȭ�ְ��׸�2�� 207��,����Ʈ ����������,���ֽ� �ϻ걸 ��ȭ�� 100,���ֽ� �ϻ걸 ��ȭ��2�� 896-1����,2287,1887,2011-01-20,2011-01-20,��۽ü�,��,��,��,0
65,���ֽ� �ϻ걸,��ȭ2��,�����,��ȭ�ְ��׸�2�� 209��,����Ʈ ����������,���ֽ� �ϻ걸 ��ȭ�� 100,���ֽ� �ϻ걸 ��ȭ��2�� 896-1����,2287,1887,2011-01-20,2011-01-20,��۽ü�,��,��,��,0
66,���ֽ� �ϻ걸,��ȭ2��,�����,�������Ʈ,����Ʈ ����������,���ֽ� �ϻ걸 �Ҵ���� 33,���ֽ� �ϻ걸 ��ȭ��2�� 336-6����,3912,3227,2007-01-01,2007-01-01,��۽ü�,��,��,��,0
67,���ֽ� �ϻ걸,��ȭ2��,�����,ȣ�ݸ����ú� 103��,����Ʈ ����������,���ֽ� �ϻ걸 ��ȭ�� 95,���ֽ� �ϻ걸 ��ȭ��2�� 889-7,2758,2275,2011-01-20,2011-01-20,��۽ü�,��,��,��,0
68,���ֽ� �ϻ걸,��õ1��,�����,��ȣû�־���Ʈ,����Ʈ ����������,���ֽ� �ϻ걸 ����5�� 11,���ֽ� �ϻ걸 ��õ�� 1�� 740-1,1600,1320,1998-01-30,1999-01-01,��۽ü�,��,��,��,1
69,���ֽ� �ϻ걸,��õ1��,�����,�����������Ʈ,����Ʈ ����������,���ֽ� �ϻ걸 ����2�� 14,���ֽ� �ϻ걸 ��õ�� 1�� 740-3,1644,1356,1998-01-30,1999-01-01,��۽ü�,��,��,��,1
70,���ֽ� �ϻ걸,��õ1��,�����,��â¥�Ӿ���Ʈ,����Ʈ ����������,���ֽ� �ϻ걸 �븮�� 179,���ֽ� �ϻ걸 ��õ�� 1�� 585-10,7118,5872,2010-12-08,2011-01-01,��۽ü�,��,��,��,1
71,���ֽ� �ϻ걸,��õ1��,�����,�̾����ֻ�õ����Ʈ,����Ʈ ����������,���ֽ� �ϻ걸 �븮�� 165,���ֽ� �ϻ걸 ��õ��1�� 772,3370,10000,2014-11-27,2017-02-20,��۽ü�,��,��,��,1
72,���ֽ� �ϻ걸,��õ2��,�����,�켺����Ʈ,����Ʈ ����������,���ֽ� �ϻ걸 ������� 13,���ֽ� �ϻ걸 ��õ��1�� 705���� 5ȣ,3008,2482,1991-03-10,1991-03-10,��۽ü�,��,��,��,0
73,���ֽ� �ϻ걸,��õ2��,�����,�����ϳ�����Ʈ,����Ʈ ����������,���ֽ� �ϻ걸 ��¹��� 50 ,���ֽ� �ϻ걸 ��õ��1�� 306���� 8ȣ,499,412,1995-02-01,1995-02-01,��۽ü�,��,��,��,0
74,���ֽ� �ϻ걸,��õ2��,�����,��õ2���ֹμ���,������,���ֽ� �ϻ걸 �Ÿ��߾ӷ� 49 ,���ֽ� �ϻ걸 ��õ��1�� 633����,4715,3890,2003-01-01,2003-01-01,��۽ü�,��,��,��,3
75,���ֽ� �ϻ걸,��õ2��,�����,������������Ʈ,����Ʈ ����������,���ֽ� �ϻ걸 ��¹��� 145 ,���ֽ� �ϻ걸 ��õ��1�� 705���� 6ȣ,2606,2150,2011-01-20,2011-01-20,��۽ü�,��,��,��,0
76,���ֽ� �ϻ걸,��õ2��,�����,�ֿ����Ʈ,����Ʈ ����������,���ֽ� �ϻ걸 �븮�� 178 ,���ֽ� �ϻ걸 ��õ��1�� 705���� 3ȣ,6618,5460,2011-01-20,2011-01-20,��۽ü�,��,��,��,0
77,���ֽ� �ϻ걸,��õ2��,�����,�켺�׸�����Ʈ,����Ʈ ����������,���ֽ� �ϻ걸 �ڴ�� 8 ,���ֽ� �ϻ걸 ��õ��1�� 705���� 7ȣ,1600,1320,2011-01-20,2011-01-20,��۽ü�,��,��,��,0
78,���ֽ� �ϻ걸,��õ3��,�����,��õ����������Ʈ,����Ʈ ����������,���ֽ� �ϻ걸 ������ 106,���ֽ� �ϻ걸 ��õ��1�� 722-2,5552,4580,1997-04-23,1997-01-31,��۽ü�,��,��,��,1
79,���ֽ� �ϻ걸,��õ3��,�����,��õ���������Ʈ,����Ʈ ����������,���ֽ� �ϻ걸 ��õõ��1�� 32,���ֽ� �ϻ걸 ��õ��1�� 290-8,5903,4870,1998-01-31,1998-01-31,��۽ü�,��,��,��,1
80,���ֽ� �ϻ걸,��õ3��,�����,��ǻ�õ2������Ʈ,����Ʈ ����������,���ֽ� �ϻ걸 ��õõ��1�� 45,���ֽ� �ϻ걸 ��õ��1�� 289-5,10851,8952,2000-01-31,2000-01-31,��۽ü�,��,��,��,1
81,���ֽ� �ϻ걸,��õ3��,�����,ȣ�ݸ����ú�����Ʈ,����Ʈ ����������,���ֽ� �ϻ걸 ��õõ��3�� 20,���ֽ� �ϻ걸 ��õ��1�� 286-10,3403,10032,2002-01-31,2002-01-31,��۽ü�,��,��,��,1
82,���ֽ� �ϻ걸,ȿ��1��,�����,����Ʒ�ä,����Ʈ ����������,���ֽ� �ϻ걸 ȿ��3�� 17-5,���ֽ� �ϻ걸 ȿ�ڵ�1�� 802,2463,2032,2014-10-20,2016-12-07,��۽ü�,��,��,��,1
83,���ֽ� �ϻ걸,ȿ��1��,�����,����Ȳ�Ǿ���Ʈ ����������,����Ʈ ����������,���ֽ� �ϻ걸 ���ڰ�� 8,���ֽ� �ϻ걸 ȿ�ڵ�1�� 640,2040,1683,1992-01-30,2000-01-01,��۽ü�,��,��,��,1
84,���ֽ� �ϻ걸,ȿ��1��,�����,�ż��Ҷ����Ʈ,����Ʈ ����������,���ֽ� �ϻ걸 ������� 160,���ֽ� �ϻ걸 ȿ�ڵ�1�� 639,1640,1353,1992-01-30,2000-01-01,��۽ü�,��,��,��,1
85,���ֽ� �ϻ걸,ȿ��1��,�����,ȿ�ڴ븲����Ʈ 3������,����Ʈ ����������,���ֽ� �ϻ걸 ����2�� 26,���ֽ� �ϻ걸 ȿ�ڵ�1�� 205-74,1777,1466,2002-12-16,2017-02-06,��۽ü�,��,��,��,1
86,���ֽ� �ϻ걸,ȿ��1��,�����,ȿ�ڴ븲����Ʈ 5������,����Ʈ ����������,���ֽ� �ϻ걸 ����2�� 26,���ֽ� �ϻ걸 ȿ�ڵ�1�� 205-74,3678,3034,2002-12-16,2017-02-06,��۽ü�,��,��,��,1
87,���ֽ� �ϻ걸,ȿ��1��,�����,�ѽ����÷���,����Ʈ ����������,���ֽ� �ϻ걸 ���ڰ�4�� 10,���ֽ� �ϻ걸 ȿ�ڵ�1�� 799,7554,6232,2006-08-23,2011-01-20,��۽ü�,��,��,��,1
88,���ֽ� �ϻ걸,ȿ��2��,�����,����Ȳ�� ����Ʈ,����Ʈ ����������,���ֽ� �ϻ걸 ������� 159,���ֽ� �ϻ걸 ȿ�ڵ�1�� 637����,1016,838,1990-03-01,1990-03-01,��۽ü�,��,��,��,0
89,���ֽ� �ϻ걸,ȿ��2��,�����,���Ͼ���Ʈ,����Ʈ ����������,���ֽ� �ϻ걸 �ź��� 52,���ֽ� �ϻ걸 ȿ�ڵ�1�� 636����,1000,825,1990-03-01,1990-03-01,��۽ü�,��,��,��,0
90,���ֽ� �ϻ걸,ȿ��2��,�����,���Ͼ���Ʈ,����Ʈ ����������,���ֽ� �ϻ걸 �ź��� 51,���ֽ� �ϻ걸 ȿ�ڵ�1�� 635���� 2ȣ,2044,1686,1990-03-01,1990-03-01,��۽ü�,��,��,��,0
91,���ֽ� �ϻ걸,ȿ��2��,�����,�Ѿ�����Ʈ,����Ʈ ����������,���ֽ� �ϻ걸 �ź��� 71,���ֽ� �ϻ걸 ȿ�ڵ�1�� 635���� 1ȣ,1536,1267,1991-03-01,1991-03-01,��۽ü�,��,��,��,0
92,���ֽ� �ϻ걸,ȿ��2��,�����,��������Ʈ,����Ʈ ����������,���ֽ� �ϻ걸 ������ 258,���ֽ� �ϻ걸 ȿ�ڵ�1�� 635����,1783,1471,1991-04-01,1991-04-01,��۽ü�,��,��,��,0
93,���ֽ� �ϻ걸,ȿ��2��,�����,����������Ʈ,����Ʈ ����������,���ֽ� �ϻ걸 �ź��� 72,���ֽ� �ϻ걸 ȿ�ڵ�1�� 636���� 2ȣ,675,557,1991-05-01,1991-05-01,��۽ü�,��,��,��,0
94,���ֽ� �ϻ걸,ȿ��2��,�����,�����������Ʈ,����Ʈ ����������,���ֽ� �ϻ걸 ��Ӹ��� 78,���ֽ� �ϻ걸 ȿ�ڵ�1�� 280���� 2ȣ,1219,1006,1998-03-01,1998-03-01,��۽ü�,��,��,��,0
95,���ֽ� �ϻ걸,ȿ��2��,�����,����ȿ�ھ���Ʈ,����Ʈ ����������,���ֽ� �ϻ걸 ��Ӹ��� 68,���ֽ� �ϻ걸 ȿ�ڵ�1�� 282���� 20ȣ,1040,858,1990-03-01,1990-03-01,��۽ü�,��,��,��,0
96,���ֽ� �ϻ걸,ȿ��2��,�����,���û�־���Ʈ,����Ʈ ����������,���ֽ� �ϻ걸 �������� 10,���ֽ� �ϻ걸 ȿ�ڵ�1�� 296���� 154ȣ,1539,1270,1989-03-01,1989-03-01,��۽ü�,��,��,��,0
97,���ֽ� �ϻ걸,ȿ��2��,�����,�ϻ걸û,������,���ֽ� �ϻ걸 ������ 232,���ֽ� �ϻ걸 ȿ�ڵ�1�� 595����,3926,3239,2011-01-01,2011-01-01,��۽ü�,��,��,��,3
98,���ֽ� �ϻ걸,ȿ��3��,�����,����������,�󰡽ü�,���ֽ� �ϻ걸 ��Ӹ��� 36 ,���ֽ� �ϻ걸 ȿ�ڵ�1�� 454���� 1ȣ,8480,6996,2003-01-02,2003-01-02,��۽ü�,��,��,��,0
99,���ֽ� �ϻ걸,ȿ��3��,�����,ȿ�ڼ�������Ʈ,����Ʈ ����������,���ֽ� �ϻ걸 �Ÿ���� 189-27,���ֽ� �ϻ걸 ȿ�ڵ�1�� 415���� 2ȣ,1771,1461,2003-09-26,2003-09-26,��۽ü�,��,��,��,0
100,���ֽ� �ϻ걸,ȿ��3��,�����,�Ѱ�����Ʈ,����Ʈ ����������,���ֽ� �ϻ걸 ������ 120,���ֽ� �ϻ걸 ȿ�ڵ�1�� 660���� 1ȣ,7656,6316,2003-01-02,2003-01-02,��۽ü�,��,��,��,0
101,���ֽ� �ϻ걸,ȿ��3��,�����,ȿ�ڳ���i������,����Ʈ ����������,���ֽ� �ϻ걸 ������ 242 ,���ֽ� �ϻ걸 ȿ�ڵ�1�� 363���� 1ȣ,3388,2795,2006-07-01,2006-07-01,��۽ü�,��,��,��,0
102,���ֽ� �ϻ걸,ȿ��3��,�����,ȿ�ں�Ƽ��,����Ʈ ����������,���ֽ� �ϻ걸 �Ÿ���� 217 ,���ֽ� �ϻ걸 ȿ�ڵ�1�� 373����,6115,5045,2011-01-20,2011-01-20,��۽ü�,��,��,��,0
103,���ֽ� �ϻ걸,ȿ��4��,�����,����ϵ�����û,������,���ֽ� �ϻ걸 ȫ��� 111,���ֽ� �ϻ걸 ȿ�ڵ�2�� 1325����,5598,4618,2005-06-09,2006-12-11,��۽ü�,��,��,��,3
104,���ֽ� �ϻ걸,ȿ��4��,�����,�޸սþ�1��������Ʈ,����Ʈ ����������,���ֽ� �ϻ걸 ȣ�Ϸ� 2,���ֽ� �ϻ걸 ȿ�ڵ�2�� 1191���� 1ȣ,5777,4766,2009-10-12,2010-12-08,��۽ü�,��,��,��,1
105,���ֽ� �ϻ걸,ȿ��4��,�����,�޸սþ�5����,����Ʈ ����������,���ֽ� �ϻ걸 ȣ�Ϸ� 87,���ֽ� �ϻ걸 ȿ�ڵ�2�� 1316���� 1ȣ,5192,4283,2010-12-08,2010-12-09,��۽ü�,��,��,��,1
106,���ֽ� �ϻ걸,ȿ��4��,�����,����1������Ʈ,����Ʈ ����������,���ֽ� �ϻ걸 ������ 241,���ֽ� �ϻ걸 ȿ�ڵ�2�� 70����,12120,9999,2011-01-20,2011-01-20,��۽ü�,��,��,��,1
107,���ֽ� �ϻ걸,ȿ��4��,�����,ǳ�����̿�����Ʈ,����Ʈ ����������,���ֽ� �ϻ걸 ����1�� 40,���ֽ� �ϻ걸 ȿ�ڵ�2�� 184����,5882,4853,2007-10-15,2011-01-20,��۽ü�,��,��,��,1
108,���ֽ� �ϻ걸,ȿ��5��,�����,�����ְ�����Ʈ,����Ʈ ����������,���ֽ� �ϻ걸 ����� 8,���ֽ� �ϻ걸 ȿ�ڵ�3�� 1482���� 1ȣ,4607,3801,2010-03-26,2011-01-20,��۽ü�,��,��,��,1
109,���ֽ� �ϻ걸,ȿ��5��,�����,���ϵ�û,������,���ֽ� �ϻ걸 ȿ�ڷ� 225,���ֽ� �ϻ걸 ȿ�ڵ�3�� 1����,2577,2126,2011-01-20,2011-01-20,��۽ü�,��,��,��,3
110,���ֽ� �ϻ걸,ȿ��5��,�����,���νŽð���������ũ����Ʈ,����Ʈ ����������,���ֽ� �ϻ걸 ȫ��� 390,���ֽ� �ϻ걸 ȿ�ڵ�3�� 1524���� 1ȣ,12120,9999,2007-05-29,2011-01-20,��۽ü�,��,��,��,1
111,���ֽ� �ϻ걸,ȿ��5��,�����,�����������û,������,���ֽ� �ϻ걸 ������ 180,���ֽ� �ϻ걸 ȿ�ڵ�3�� 1628����,5777,4766,2000-03-23,2011-01-20,��۽ü�,��,��,��,3
112,���ֽ� ������,���ϵ�,�����,������ȭȸ��,�����ü�,���ֽ� ������ �ȴ����� 71 ,���ֽ� ������ ���ϵ� 301���� 70ȣ,80,66,2013-12-23,2017-11-16,��۽ü�,��,��,��,3
113,���ֽ� ������,���ϵ�,�����,�ż� ���ӸǼ�2�� ����Ʈ,����Ʈ ����������,���ֽ� ������ ������5�� 77,���ֽ� ������ ���ϵ� 1166���� 1ȣ,514,424,2005-03-14,2005-03-14,��۽ü�,��,��,��,1
114,���ֽ� ������,���ϵ�,�����,�켺����Ʈ,����Ʈ ����������,���ֽ� ������ ������ 101,���ֽ� ������ ���ϵ� 416����,5455,4500,2005-03-14,2005-03-14,��۽ü�,��,��,��,3
115,���ֽ� ������,���ϵ�,�����,������û,������,���ֽ� ������ ���ɷ� 55 ,���ֽ� ������ ���ϵ� 416���� 12ȣ,7101,5858,2005-03-14,2005-03-14,��۽ü�,��,��,��,3
116,���ֽ� ������,���ϵ�,�����,�����ؼ�����Ʈ,����Ʈ ����������,���ֽ� ������ ���Ϸ� 15,���ֽ� ������ ���ϵ� 1034���� 1ȣ,3348,2762,2010-12-29,2010-12-29,��۽ü�,��,��,��,3
117,���ֽ� ������,����1��,�����,�ż������ھ���Ʈ,����Ʈ ����������,���ֽ� ������ �س���4�� 7 ,���ֽ� ������ ���ĵ�1�� 782����,211,174,2012-07-05,2012-07-05,��۽ü�,��,��,��,3
118,���ֽ� ������,����1��,�����,��������Ʈ,����Ʈ ����������,���ֽ� ������ �ɹ��׷� 16,���ֽ� ������ ���ĵ�1�� 574����,3301,2723,1991-12-09,2005-03-14,��۽ü�,��,��,��,3
119,���ֽ� ������,����1��,�����,�ϴ���ȨŸ��,����Ʈ ����������,���ֽ� ������ �س���4�� 21,���ֽ� ������ ���ĵ�1�� 780���� 2ȣ,989,816,2004-01-02,2011-01-06,��۽ü�,��,��,��,3
120,���ֽ� ������,����1��,�����,�����޸սþ�,����Ʈ ����������,���ֽ� ������ �س���2�� 7 ,���ֽ� ������ ���ĵ�1�� 1035����,5680,4686,2006-01-02,2011-01-06,��۽ü�,��,��,��,3
121,���ֽ� ������,����1��,�����,�������Ʈ����Ʈ,����Ʈ ����������,���ֽ� ������ �ȴ����� 325,���ֽ� ������ ���ĵ�1�� 541����,1273,1050,2008-01-02,2011-01-06,��۽ü�,��,��,��,3
122,���ֽ� ������,����1��,�����,�ѽ����÷���,����Ʈ ����������,���ֽ� ������ �ȴ����� 251,���ֽ� ������ ���ĵ�1�� 1029����,9030,7450,2008-10-31,2011-01-06,��۽ü�,��,��,��,3
123,���ֽ� ������,����1��,�����,�����︲����Ʈ,����Ʈ ����������,���ֽ� ������ ���ͷ� 333,���ֽ� ������ ���ĵ�1�� 1033����,10915,9005,2006-11-30,2011-01-06,��۽ü�,��,��,��,3
124,���ֽ� ������,����2��,�����,Ÿ�̾��ũ(��ũ����),�󰡽ü�,���ֽ� ������ ������� 751,���ֽ� ������ ���ĵ�2�� 1573���� 1ȣ,5782,4770,2008-02-04,2011-01-06,��۽ü�,��,��,��,3
125,���ֽ� ������,����2��,�����,���������������Ʈ,����Ʈ ����������,���ֽ� ������ �鵿2�� 11,���ֽ� ������ ���ĵ�2�� 1561���� 1ȣ,9697,8000,1997-12-30,1998-01-02,��۽ü�,��,��,��,3
126,���ֽ� ������,����2��,�����,���ĵ�������ũ����Ʈ,����Ʈ ����������,���ֽ� ������ �ɹ���6�� 8 ,���ֽ� ������ ���ĵ�2�� 1614����,4848,4000,2016-08-30,2017-02-08,��۽ü�,��,��,��,3
127,���ֽ� ������,����3��,�����,��������뵿û ������û,������,���ֽ� ������ �ǻ�� 251,���ֽ� ������ ���ĵ�1�� 807-8,3016,2488,2016-07-08,2017-02-08,��۽ü�,��,��,��,3
128,���ֽ� ������,����3��,�����,�����������Ʈ,����Ʈ ����������,���ֽ� ������ ���ҷ� 55,���ֽ� ������ ���ĵ�1�� 858���� 2ȣ,10336,8527,1997-12-27,2005-03-14,��۽ü�,��,��,��,3
129,���ֽ� ������,����3��,�����,�ο�1������Ʈ,����Ʈ ����������,���ֽ� ������ ������3�� 10,���ֽ� ������ ���ĵ�1�� 802���� 1ȣ,4368,3604,2005-03-14,2005-03-14,��۽ü�,��,��,��,3
130,���ֽ� ������,����3��,�����,�ο�3������Ʈ,����Ʈ ����������,���ֽ� ������ ���߷� 180,���ֽ� ������ ���ĵ�1�� 951���� 3ȣ,7983,6586,2005-03-14,2005-03-14,��۽ü�,��,��,��,3
131,���ֽ� ������,����3��,�����,�ο�5������Ʈ,����Ʈ ����������,���ֽ� ������ �ѹ�̷� 33,���ֽ� ������ ���ĵ�1�� 951���� 7ȣ,3278,2704,2005-03-14,2005-03-14,��۽ü�,��,��,��,3
132,���ֽ� ������,����3��,�����,�Ƴ�����Ʈ,����Ʈ ����������,���ֽ� ������ �ѹ�̷� 5,���ֽ� ������ ���ĵ�1�� 951���� 1ȣ,1901,1568,2005-03-14,2005-03-14,��۽ü�,��,��,��,3
133,���ֽ� ������,����3��,�����,����2������Ʈ,����Ʈ ����������,���ֽ� ������ ���߷� 170,���ֽ� ������ ���ĵ�1�� 951���� 2ȣ,2219,1831,2005-03-14,2005-03-14,��۽ü�,��,��,��,3
134,���ֽ� ������,����3��,�����,�Ȱ����켺����Ʈ,����Ʈ ����������,���ֽ� ������ ������2�� 14,���ֽ� ������ ���ĵ�1�� 458����,2341,1931,2005-03-14,2005-03-14,��۽ü�,��,��,��,3
135,���ֽ� ������,����3��,�����,�������Ϻ���,����ü�,���ֽ� ������ ���߷� 152,���ֽ� ������ ���ĵ�1�� 928���� 6ȣ,263,217,2005-03-14,2005-03-14,��۽ü�,��,��,��,3
136,���ֽ� ������,������,�����,�������հ����,���ǽü�,���ֽ� ������ �⸰��� 451,���ֽ� ������ ������1�� 1220���� 1ȣ,160,132,2001-08-31,2010-12-29,����,��,��,��,3
137,���ֽ� ������,������,�����,�������ֹμ���,������,���ֽ� ������ �⸰��� 533-7 ,���ֽ� ������ ������1�� 1357���� 5ȣ,29,24,2005-03-15,2005-03-15,����,��,��,��,3
138,���ֽ� ������,������,�����,���ִ�������ȸ��,���ǽü�,���ֽ� ������ �ǻ��� 407 ,���ֽ� ������ ������2�� 190���� 1ȣ,284,234,2005-03-16,2005-03-15,��۽ü�,��,��,��,3
139,-,-,-,�����������,������,���ֽ� ������ ����� 25,���ֽ� ������ ������1�� 1416���� 1ȣ,0,0,2005-03-17,2005-03-15,��۽ü�,��,��,��,3
140,-,-,-,�����������û,������,���ֽ� ������ ����� 25 ,���ֽ� ������ ������1�� 1416���� 1ȣ,0,0,2005-03-18,2005-03-15,��۽ü�,��,��,��,3
141,���ֽ� ������,������,�����,�������Ϻ���,����ü�,���ֽ� ������ �⸰��� 472,���ֽ� ������ ������1�� 1266���� 14ȣ,170,140,2005-03-19,2005-03-15,��۽ü�,��,��,��,3
142,���ֽ� ������,������,�����,��������������Ʈ,����Ʈ ����������,���ֽ� ������ ���û�� 24 ,���ֽ� ������ ������2�� 696����,12120,9999,1990-12-31,2011-01-03,����,��,��,��,0
143,���ֽ� ������,������,�����,������ �޸պ�����Ʈ,����Ʈ ����������,���ֽ� ������ �������� 216,���ֽ� ������ ������2�� 697����,3636,3000,2009-12-31,2011-01-03,��۽ü�,��,��,��,3
144,���ֽ� ������,�ݾ�1��,�����,�ݾ��ʵ��б�,�����ü�,���ֽ� ������ �ǻ��� 210 ,���ֽ� ������ �ݾϵ� 522���� 1ȣ,80,66,2010-04-30,2011-01-03,��۽ü�,��,��,��,3
145,���ֽ� ������,�ݾ�1��,�����,�ݾ�1���繫��,������,���ֽ� ������ �⸰��� 392 ,���ֽ� ������ �ݾϵ� 470���� 7ȣ,239,197,1977-10-12,1977-10-12,����,��,��,��,3
146,���ֽ� ������,�ݾ�1��,�����,�������� ����,���ǽü�,���ֽ� ������ ������� 566 ,���ֽ� ������ �ݾϵ� 669���� 2ȣ,6879,5675,2010-06-23,2010-06-23,��۽ü�,��,��,��,3
147,���ֽ� ������,�ݾ�1��,�����,��������,�󰡽ü�,���ֽ� ������ �⸰��� 389 ,���ֽ� ������ �ݾϵ� 475���� 6ȣ,1479,1220,1993-08-09,2010-12-31,��۽ü�,��,��,��,3
148,���ֽ� ������,�ݾ�1��,�����,��ȭ����,�󰡽ü�,���ֽ� ������ �⸰��� 405,���ֽ� ������ �ݾϵ� 472���� 3ȣ,2622,2163,1995-07-19,2010-12-31,��۽ü�,��,��,��,3
149,���ֽ� ������,�ݾ�2��,�����,���ϴ��б�����,�Ƿ�ü�,���ֽ� ������ ������ 20,���ֽ� ������ �ݾϵ� 634���� 18ȣ,12120,9999,2001-01-18,2010-12-31,��۽ü�,��,��,��,3
150,���ֽ� ������,�ݾ�2��,�����,�߾�����������Ʈ,����Ʈ ����������,���ֽ� ������ �źϹٿ�3�� 15,���ֽ� ������ �ݾϵ� 1564����,12120,9999,2014-02-27,1995-01-02,��۽ü�,��,��,��,3
151,���ֽ� ������,�Ⱥ���,�����,�һ�����������,������,���ֽ� ������ �⸰��� 945-6,���ֽ� ������ ���ǵ� 558���� 6ȣ,228,188,2007-07-05,2011-01-03,��۽ü�,��,��,��,3
152,���ֽ� ������,�Ⱥ���,�����,���ֽ�û�ҳ���������,�����ü�,���ֽ� ������ ���ͷ� 107-0,���ֽ� ������ �Ⱥ���3�� 404����,348,287,1998-07-16,2011-07-01,��۽ü�,��,��,��,3
153,���ֽ� ������,�Ⱥ���,�����,�Ⱥ����ֹμ���,������,���ֽ� ������ �ź�5�� 6-0,���ֽ� ������ �Ⱥ���1�� 138���� 6ȣ,433,357,1993-04-22,1993-10-01,��۽ü�,��,��,��,3
154,���ֽ� ������,�Ⱥ���,�����,�Ⱥ��� �������Ʈ,����Ʈ ����������,���ֽ� ������ �Ⱥ�1�� 6-0 ,���ֽ� ������ �Ⱥ���2�� 130���� 2ȣ,5600,4620,1992-02-21,1993-10-01,��۽ü�,��,��,��,3
155,���ֽ� ������,�Ⱥ���,�����,�Ⱥ����ڽ�Ÿ������Ʈ,����Ʈ ����������,���ֽ� ������ ��õ1�� 6-0 ,���ֽ� ������ �Ⱥ���2�� 135���� 2ȣ,912,752,1999-05-24,2006-10-30,��۽ü�,��,��,��,3
156,���ֽ� ������,�Ⱥ���,�����,�Ⱥ��ż�����Ʈ,����Ʈ ����������,���ֽ� ������ �ź�5�� 18 ,���ֽ� ������ �Ⱥ���1�� 143���� 1ȣ,1015,837,2007-11-14,2011-01-06,��۽ü�,��,��,��,3
157,���ֽ� ������,�Ⱥ���,�����,���ϰ�����������,������,���ֽ� ������ �Ȱ����� 164-0,���ֽ� ������ �Ⱥ���1�� 337���� 2ȣ,1156,954,1989-07-19,2011-01-06,��۽ü�,��,��,��,3
158,���ֽ� ������,���1��,�����,���ֿ� ���ϵ�,����ü�,���ֽ� ������ ���δ�� 680,���ֽ� ������ ��Ƶ�3�� 235���� 10ȣ,276,228,2000-11-02,2011-01-06,��۽ü�,��,��,��,3
159,���ֽ� ������,���1��,�����,���1���ֹμ���,������,���ֽ� ������ ���2�� 25,���ֽ� ������ ��Ƶ�3�� 746���� 67ȣ,182,150,1982-04-14,2005-03-15,����,��,��,��,3
160,���ֽ� ������,���1��,�����,��Ű����Ʈ 3��,����Ʈ ����������,���ֽ� ������ �ȴ���3�� 10,���ֽ� ������ ��Ƶ�3�� 285���� 8ȣ,970,800,1997-10-29,2005-03-15,��۽ü�,��,��,��,3
161,���ֽ� ������,���1��,�����,��Ű����Ʈ 7��,����Ʈ ����������,���ֽ� ������ �ȴ���3�� 10,���ֽ� ������ ��Ƶ�3�� 285���� 8ȣ,970,800,1992-03-27,2005-03-15,��۽ü�,��,��,��,3
162,���ֽ� ������,���1��,�����,��ž���Ʈ 1��,����Ʈ ���ϰ���,���ֽ� ������ ���ͷ� 495,���ֽ� ������ ��Ƶ�3�� 599����,747,616,1992-03-27,2005-03-15,��۽ü�,��,��,��,3
163,���ֽ� ������,���1��,�����,��ž���Ʈ 2��,����Ʈ ���ϰ���,���ֽ� ������ ���ͷ� 495 ,���ֽ� ������ ��Ƶ�3�� 599����,747,616,1988-01-30,2005-03-15,����,��,��,��,3
164,���ֽ� ������,���1��,�����,��ž���Ʈ 3��,����Ʈ ���ϰ���,���ֽ� ������ ���ͷ� 495 ,���ֽ� ������ ��Ƶ�3�� 599����,747,616,1988-01-30,2005-03-15,����,��,��,��,3
165,���ֽ� ������,���1��,�����,�켺����Ʈ ����,����Ʈ ���ϰ���,���ֽ� ������ ���ͷ� 497,���ֽ� ������ ��Ƶ�3�� 594���� 6ȣ,309,255,1988-01-30,2005-03-15,����,��,��,��,3
166,���ֽ� ������,���1��,�����,�켺����Ʈ ����,����Ʈ ���ϰ���,���ֽ� ������ ���ͷ� 497,���ֽ� ������ ��Ƶ�3�� 594���� 6ȣ,309,255,1988-01-16,2005-03-15,����,��,��,��,3
167,���ֽ� ������,���1��,�����,�켺����Ʈ �ٵ�,����Ʈ ���ϰ���,���ֽ� ������ ���ͷ� 497,���ֽ� ������ ��Ƶ�3�� 594���� 6ȣ,309,255,1988-01-16,2005-03-15,����,��,��,��,3
168,���ֽ� ������,���1��,�����,ȿ���Ӵ����Ʈ,����Ʈ ����������,���ֽ� ������ �Ȱ�5�� 15,���ֽ� ������ ��Ƶ�3�� 757���� 14ȣ,2365,1951,1988-01-16,2005-03-15,����,��,��,��,3
169,���ֽ� ������,���1��,�����,�ŵ���3������Ʈ,����Ʈ ����������,���ֽ� ������ ȣ���� 18-12,���ֽ� ������ ��Ƶ�3�� 602���� 63ȣ,553,456,1999-03-06,2005-03-15,��۽ü�,��,��,��,3
170,���ֽ� ������,���1��,�����,e���Ѽ����ƾ���Ʈ,����Ʈ ����������,���ֽ� ������ ��Ʒ� 50,���ֽ� ������ ��Ƶ�3�� 762����,12120,9999,2018-12-27,2019-03-07,��۽ü�,��,��,��,0
171,���ֽ� ������,���2��,�����,�����ż������Ʈ101��,����Ʈ ����������,���ֽ� ������ ���δ�� 575,���ֽ� ������ ��Ƶ�3�� 359����,1218,1005,1995-08-24,2005-03-15,��۽ü�,��,��,��,3
172,���ֽ� ������,���2��,�����,�����ż������Ʈ102��,����Ʈ ����������,���ֽ� ������ ���δ�� 575,���ֽ� ������ ��Ƶ�3�� 359����,1096,904,2005-03-14,2005-03-14,��۽ü�,��,��,��,3
173,���ֽ� ������,���2��,�����,�����ż������Ʈ103��,����Ʈ ����������,���ֽ� ������ ���δ�� 575,���ֽ� ������ ��Ƶ�3�� 359����,585,483,2005-03-14,2005-03-14,��۽ü�,��,��,��,3
174,���ֽ� ������,���2��,�����,���������� 101��,����Ʈ ����������,���ֽ� ������ �ȴ���1�� 30,���ֽ� ������ ��Ƶ�3�� 412����,1538,1269,2005-03-14,2005-03-14,��۽ü�,��,��,��,3
175,���ֽ� ������,���2��,�����,���߷Ե�����Ʈ 102��,����Ʈ ����������,���ֽ� ������ �߻󺸷� 10,���ֽ� ������ ��Ƶ�2�� 887����,4038,3331,2005-03-14,2005-03-14,��۽ü�,��,��,��,3
176,���ֽ� ������,���2��,�����,���߷Ե�����Ʈ 103��,����Ʈ ����������,���ֽ� ������ �߻󺸷� 10 ,���ֽ� ������ ��Ƶ�2�� 887����,2581,2129,2005-03-14,2005-03-14,��۽ü�,��,��,��,3
177,���ֽ� ������,���2��,�����,�����������Ʈ 202��,����Ʈ ����������,���ֽ� ������ ������5�� 10,���ֽ� ������ ��Ƶ�2�� 853���� 1ȣ,4898,4041,2005-03-14,2005-03-14,��۽ü�,��,��,��,3
178,���ֽ� ������,���2��,�����,�����������Ʈ 203��,����Ʈ ����������,���ֽ� ������ ������5�� 10,���ֽ� ������ ��Ƶ�2�� 853���� 1ȣ,1744,1439,2005-03-14,2005-03-14,��۽ü�,��,��,��,3
179,���ֽ� ������,���2��,�����,���߷Ե�����Ʈ 105��,����Ʈ ����������,���ֽ� ������ �߻󺸷� 10,���ֽ� ������ ��Ƶ�2�� 887����,4035,3329,2005-03-14,2005-03-14,��۽ü�,��,��,��,3
180,���ֽ� ������,���2��,�����,��������������Ʈ 101��,����Ʈ ����������,���ֽ� ������ ����2�� 30,���ֽ� ������ ��Ƶ�2�� 869����,6533,5390,2010-12-30,2010-12-30,��۽ü�,��,��,��,3
181,���ֽ� ������,ȣ����,�����,LG���ƾ���Ʈ,����Ʈ ����������,���ֽ� ������ ȣ���� 40,���ֽ� ������ ȣ����1�� 718����,2824,2330,2010-12-30,2010-12-30,��۽ü�,��,��,��,3
182,���ֽ� ������,ȣ����,�����,ȣ���ְ�����Ʈ,����Ʈ ����������,���ֽ� ������ �Ҹ��� 179,���ֽ� ������ ȣ����1�� 900����,6961,5743,1995-04-19,1995-05-01,��۽ü�,��,��,��,3
183,���ֽ� ������,ȣ����,�����,���������ũ1��������Ʈ,����Ʈ ����������,���ֽ� ������ ȣ���� 132 ,���ֽ� ������ ȣ����1�� 829���� 4ȣ,9879,8150,1997-10-10,1997-11-01,��۽ü�,��,��,��,3
184,���ֽ� ������,ȣ����,�����,�ٰ��Ͻž���Ʈ,����Ʈ ����������,���ֽ� ������ ȣ��1�� 8-9 ,���ֽ� ������ ȣ����1�� 750���� 6ȣ,1628,1343,2005-11-04,2006-10-24,��۽ü�,��,��,��,3
185,���ֽ� ������,ȣ����,�����,���������ũ3��������Ʈ,����Ʈ ����������,���ֽ� ������ ȣ���� 170,���ֽ� ������ ȣ����2�� 634����,7515,6200,2000-08-05,2011-01-04,��۽ü�,��,��,��,3
186,���ֽ� ������,��õ1��,�����,��â�帲�ǼǾ���Ʈ,����Ʈ ����������,���ֽ� ������ �ֳ�6�� 7,���ֽ� ������ ��õ��1�� 123���� 12ȣ,954,787,2008-09-26,2011-01-04,��۽ü�,��,��,��,3
187,���ֽ� ������,��õ1��,�����,��õ�� ����2������Ʈ,����Ʈ ����������,���ֽ� ������ �ֳ��� 124,���ֽ� ������ ��õ��1�� 141����,5265,4344,2003-01-01,2003-01-01,��۽ü�,��,��,��,3
188,���ֽ� ������,��õ1��,�����,��õ�ְ�����Ʈ,����Ʈ ����������,���ֽ� ������ �׳�3�� 29 ,���ֽ� ������ ��õ��2�� 1268����,9930,8192,2003-01-01,2003-01-01,��۽ü�,��,��,��,3
189,���ֽ� ������,��õ1��,�����,��õ1���ֹμ���,������,���ֽ� ������ ��õ�߾ӷ� 116,���ֽ� ������ ��õ��1�� 395���� 28ȣ,514,424,2003-01-01,2003-01-01,��۽ü�,��,��,��,3
190,���ֽ� ������,��õ1��,�����,��õ�����������ũ����Ʈ,����Ʈ ����������,���ֽ� ������ õ����� 100,���ֽ� ������ ��õ��1�� 12���� 10ȣ,12120,9999,2010-12-29,2010-12-29,��۽ü�,��,��,��,3
191,���ֽ� ������,��õ1��,�����,���ڽ�Ƽ���þ�5��������Ʈ,����Ʈ ����������,���ֽ� ������ ������ 65,���ֽ� ������ ��õ��2�� 1309����,12120,9999,2010-12-29,2010-12-29,��۽ü�,��,��,��,3
192,���ֽ� ������,��õ2��,�����,��ȣ1������Ʈ,����Ʈ ����������,���ֽ� ������ ��õ�� 31,���ֽ� ������ ��õ��1�� 337����,3064,2528,2018-01-01,2018-09-28,��۽ü�,��,��,��,3
193,���ֽ� ������,��õ2��,�����,���Ͼ���Ʈ,����Ʈ ����������,���ֽ� ������ ��õ3�� 50,���ֽ� ������ ��õ��1�� 626���� 3ȣ,2232,1841,2003-01-01,2003-01-01,��۽ü�,��,��,��,3
194,���ֽ� ������,��õ2��,�����,�ֿ�1������Ʈ,����Ʈ ����������,���ֽ� ������ �ͷ�� 40 ,���ֽ� ������ ��õ��2�� 541���� 2ȣ,2839,2342,2003-01-01,2003-01-01,��۽ü�,��,��,��,3
195,���ֽ� ������,��õ2��,�����,�ֿ�2������Ʈ,����Ʈ ����������,���ֽ� ������ �ͷ�� 50,���ֽ� ������ ��õ��2�� 536����,4195,3461,2003-01-01,2003-01-01,��۽ü�,��,��,��,3
196,���ֽ� ������,��õ2��,�����,�ֳ����ƾ���Ʈ,����Ʈ ����������,���ֽ� ������ �ͷ�2�� 5 ,���ֽ� ������ ��õ��2�� 561���� 24ȣ,6487,5352,2003-01-01,2003-01-01,��۽ü�,��,��,��,3
197,���ֽ� ������,��õ2��,�����,��õ2���ֹμ���,������,���ֽ� ������ �ΰ�9�� 6,���ֽ� ������ ��õ��1�� 829���� 1ȣ,247,204,2003-01-01,2003-01-01,��۽ü�,��,��,��,3
198,���ֽ� ������,��õ2��,�����,��Ʈ����ũ2��������Ʈ,����Ʈ ����������,���ֽ� ������ ȣ�ݷ� 11,���ֽ� ������ ��õ��1�� 308���� 1ȣ,12120,9999,2008-10-21,2010-12-30,��۽ü�,��,��,��,3
199,���ֽ� ������,��õ2��,�����,��õ�����̾���Ʈ,����Ʈ ����������,���ֽ� ������ �ΰ�6�� 10,���ֽ� ������ ��õ��1�� 806����,9345,7710,2010-12-30,2010-12-30,��۽ü�,��,��,��,3
200,���ֽ� ������,���̵�,�����,�������Ʈ,����Ʈ ����������,���ֽ� ������ �ݿ�5�� 8,���ֽ� ������ �ݿ��� 374���� 4ȣ,3292,2716,2010-12-30,2010-12-30,��۽ü�,��,��,��,3
201,���ֽ� ������,���̵�,�����,�Ѱ�����Ʈ,����Ʈ ����������,���ֽ� ������ �ʱ����� 133,���ֽ� ������ �ݿ��� 386���� 7ȣ,2365,1951,2005-03-20,2005-03-15,��۽ü�,��,��,��,3
202,���ֽ� ������,���̵�,�����,��â����Ʈ,����Ʈ ����������,���ֽ� ������ �ݿ�4�� 15,���ֽ� ������ �ݿ��� 422���� 1ȣ,4359,3596,2005-03-21,2005-03-15,��۽ü�,��,��,��,3
203,���ֽ� ������,���̵�,�����,��������������Ʈ,����Ʈ ����������,���ֽ� ������ �ݿ�4�� 16,���ֽ� ������ �ݿ��� 217���� 4ȣ,2640,2178,2005-03-22,2005-03-15,��۽ü�,��,��,��,3
204,���ֽ� ������,���굿,�����,��쵿�����Ʈ,����Ʈ ����������,���ֽ� ������ ����� 37,���ֽ� ������ ���굿 647����,2096,1729,2006-10-20,2006-10-20,��۽ü�,��,��,��,3
205,���ֽ� ������,���굿,�����,��������Ʈ,����Ʈ ����������,���ֽ� ������ ���δ�� 1553,���ֽ� ������ ������ 820���� 21ȣ,1005,829,2005-03-23,2005-03-15,��۽ü�,��,��,��,3
206,���ֽ� ������,���굿,�����,��¾���Ʈ,����Ʈ ����������,���ֽ� ������ ����1�� 58,���ֽ� ������ ���굿 459���� 3ȣ,7998,6598,2005-03-24,2005-03-15,��۽ü�,��,��,��,3
207,���ֽ� ������,���굿,�����,��������Ʈ,����Ʈ ����������,���ֽ� ������ �ʱ����� 53,���ֽ� ������ ���ǵ� 582���� 1ȣ,5208,4297,2005-03-25,2005-03-15,��۽ü�,��,��,��,3
208,���ֽ� ������,���굿,�����,���ǵ����Ͼ���Ʈ,����Ʈ ����������,���ֽ� ������ �ʱ����� 19,���ֽ� ������ ���ǵ� 669����,8250,6806,2005-03-26,2005-03-15,��۽ü�,��,��,��,3
209,���ֽ� ������,���굿,�����,�嵿���ڸ�����Ʈ,����Ʈ ����������,���ֽ� ������ ���ϱ� 19,���ֽ� ������ �嵿 1052���� 2ȣ,10050,8291,2007-01-01,2007-01-01,��۽ü�,��,��,��,3
210,���ֽ� ������,���ŵ�,�����,���ſ�̸�1������Ʈ,����Ʈ ����������,���ֽ� ������ ������ 70,���ֽ� ������ �ߵ� 798���� ��̸�1����,6061,5000,2009-09-30,2010-12-24,��۽ü�,��,��,��,3
211,���ֽ� ������,���ŵ�,�����,ȣ�ݺ�������Ŭ��������Ʈ,����Ʈ ����������,���ֽ� ������ ���Ƿ� 87,���ֽ� ������ �嵿 1086���� ȣ�ݺ�������Ŭ����,6061,5000,2014-06-30,2017-11-15,��۽ü�,��,��,��,3
212,���ֽ� ������,���ŵ�,�����,��̸�2������Ʈ,����Ʈ ����������,���ֽ� ������ Ʋ��4�� 17,���ֽ� ������ �嵿 1063���� ��̸� 2����,6061,5000,2013-12-23,2017-11-15,��۽ü�,��,��,��,3
213,�����,������,�����,�������繫��,������,����� ������ ������ 6,����� ������ 98���� 11ȣ,792,653,2017-01-04,2017-12-04,��۽ü�,��,��,��,0
214,�����,�����,�����,�뱤������Ӿ���Ʈ,����Ʈ ����������,����� ����� ������ 55,����� ����� ��ϸ� 961����15ȣ,8034,6628,2018-04-02,2018-04-02,��۽ü�,��,��,��,0
215,�����,�����,�����,�� ������Ʈ ����,����Ʈ ����������,����� ����� ������ 45,����� ����� ��ϸ� 1046����,8645,7132,2018-04-02,2018-04-02,��۽ü�,��,��,��,0
216,�����,�ؽŵ�,�����,�ظ���,���ǽü�,����� �ظ��� 100-21,����� �ظ��� 1000��,1001,826,1995-12-01,1999-01-04,����,��,��,��,0
217,�����,�ؽŵ�,�����,����� ����Ʈ,����Ʈ ����������,����� ������ 586-4,����� �ظ��� 1004����,1800,1485,2017-12-04,2017-12-04,��۽ü�,��,��,��,1
218,�����,������,�����,��������,�󰡽ü�,����� ���з� 35,����� �߾ӷ�1�� 14����,4699,3877,2000-11-18,2003-01-06,��۽ü�,��,��,��,1
219,�����,������,�����,���� ���� ����Ʈ,����Ʈ ����������,����� ������ 496,����� ������ 15����,2661,2195,2003-09-01,2003-01-01,��۽ü�,��,��,��,0
220,�����,������,�����,Ŭ���ÿ� ����Ʈ,����Ʈ ����������,����� ����1�� 3,����� ������ 23����,3559,2936,2004-05-01,2004-01-01,��۽ü�,��,��,��,0
221,�����,������,�����,�����ʵ��б�(�ι��� ������),�����ü�,����� �߾ӷ� 170,����� �߾ӷ�1�� 13��,1512,1247,1980-07-11,2002-12-27,��۽ü�,��,��,��,1
222,�����,���е�,�����,�ݱ� �Ｚ ����Ʈ,����Ʈ ���ϰ���,����� ���з� 114-1,����� �ݱ��� 172����,4928,4066,1990-12-31,2003-01-06,��۽ü�,��,��,��,1
223,�����,���е�,�����,���� ��� ����Ʈ,����Ʈ ����������,����� �ൿ�� 188,����� ���е� 811����,1802,1487,1997-12-01,2003-01-08,��۽ü�,��,��,��,0
224,�����,���е�,�����,���� �ְ� ����Ʈ,����Ʈ ����������,����� �̿��� 61,����� ���е� 888����,3108,2564,2005-01-01,2005-01-01,��۽ü�,��,��,��,0
225,�����,�ﳲ��,�����,���� ���� ����Ʈ,����Ʈ ����������,����� ǳ��2�� 35,����� ���絿 212����,5744,4739,2002-12-02,2003-01-08,����,��,��,��,1
226,�����,�ﳲ��,�����,���ﳲ �ְ� ����Ʈ,����Ʈ ����������,����� ���ﳲ�� 9,����� ���ﳲ�� 100����,4739,3910,2006-12-31,2007-02-01,����,��,��,��,1
227,�����,�ﳲ��,�����,���� ��Ʈ�� Ÿ�� ����Ʈ,����Ʈ ����������,����� ����� 3,����� ����� 385����,6841,5644,2011-10-01,2012-02-29,����,��,��,��,1
228,�����,���̵�,�����,����  ����û,������,����� ������ 68,����� ���̵� 880����,800,660,1996-10-01,2002-12-30,��۽ü�,��,��,��,0
229,�����,���̵�,�����,���� ���� ����Ʈ101��,����Ʈ ����������,����� ��ȷ� 120,����� ���̵� 903����,413,341,1995-09-30,2002-12-30,��۽ü�,��,��,��,1
230,�����,���̵�,�����,���� ���� ����Ʈ102��,����Ʈ ����������,����� ��ȷ� 120,����� ���̵� 903����,838,691,1995-09-30,2002-12-30,��۽ü�,��,��,��,0
231,�����,���̵�,�����,���� ���� ����Ʈ103��,����Ʈ ����������,����� ��ȷ� 120,����� ���̵� 903����,408,337,1995-09-30,2002-12-30,��۽ü�,��,��,��,0
232,�����,���̵�,�����,���� ���� ����Ʈ104��,����Ʈ ����������,����� ��ȷ� 120,����� ���̵� 903����,1062,876,1995-09-30,2002-12-30,��۽ü�,��,��,��,0
233,�����,���̵�,�����,���� ���� ����Ʈ105��,����Ʈ ����������,����� ��ȷ� 120,����� ���̵� 903����,615,507,1995-09-30,2002-12-30,��۽ü�,��,��,��,0
234,�����,���̵�,�����,���� ������ ����Ʈ,����Ʈ ����������,����� ��ȷ� 119,����� ���̵� 907����,2075,1712,1995-12-13,2002-12-30,��۽ü�,��,��,��,1
235,�����,���̵�,�����,���� ���� �ϳ��� ����Ʈ,����Ʈ ����������,����� ������ 188-22,����� ���̵� 771����,1078,889,1996-09-13,2002-12-30,��۽ü�,��,��,��,0
236,�����,���̵�,�����,���� �������Ʈ,����Ʈ ����������,����� ��ȷ� 123,����� ���̵� 907����,436,360,2001-07-23,2010-12-29,��۽ü�,��,��,��,0
237,�����,���̵�,�����,������ ����Ʈ,����Ʈ ����������,����� ������ 86,����� ���嵿 511����,2612,2155,2004-05-01,2010-12-31,��۽ü�,��,��,��,1
238,�����,���̵�,�����,���� �Ѽ� ����Ʈ,����Ʈ ����������,����� ������ 159,����� ���̵� 895����,2681,2212,2001-02-14,2010-12-31,��۽ü�,��,��,��,1
239,�����,���̵�,�����,Ÿ�� ���Ʈ ����Ʈ,����Ʈ ����������,����� ���ܴ�� 54,����� ���̵� 3931����,2800,2310,2012-06-29,2012-06-29,��۽ü�,��,��,��,1
240,�����,���̵�,�����,�����û,������,����� ��û�� 17,����� ���̵� 888����,801,661,1996-12-16,2016-02-16,��۽ü�,��,��,��,1
241,�����,���̵�,�����,���� Ǫ������,����Ʈ ����������,����� ����2�� 20,����� ���̵� 3943����,60176,49645,2018-03-29,2019-07-01,��۽ü�,��,��,��,1
242,�����,���̵�,�����,���� e-���Ѽ���,����Ʈ ����������,����� ����2�� 25,����� ���̵� 3963����,34514,28474,2018-11-23,2019-07-01,��۽ü�,��,��,��,1
243,�����,��ϵ�,�����,���� ����Ʈ,����Ʈ ����������,����� ����3�� 23,����� ��ϵ� 539����,2652,2188,1995-06-23,2003-01-02,����,��,��,��,1
244,�����,��ϵ�,�����,���� �ϳ��� ����Ʈ101��,����Ʈ ����������,����� ����1�� 56,����� ��ϵ� 540����,3356,2769,1998-09-05,2003-01-02,��۽ü�,��,��,��,0
245,�����,��ϵ�,�����,���� �ϳ��� ����Ʈ102 103��,����Ʈ ����������,����� ����1�� 56,����� ��ϵ� 540����,8581,7079,1998-09-05,2003-01-02,��۽ü�,��,��,��,1
246,�����,���ϵ�,�����,���ϵ� �������Ʈ 1��,����Ʈ ����������,����� ����� 11,����� ���ϵ� 65����,1305,1077,1994-12-31,2002-12-30,��۽ü�,��,��,��,1
247,�����,���ϵ�,�����,���ϵ� �������Ʈ 2��,����Ʈ ����������,����� ����� 11,����� ���ϵ� 65����,2088,1723,1994-12-31,2002-12-30,��۽ü�,��,��,��,1
248,�����,���ϵ�,�����,��ǳ����Ʈ ��1����������,����Ʈ ����������,����� ������ 6,����� ���ϵ� 377����,1455,1200,1997-12-31,2002-12-30,��۽ü�,��,��,��,0
249,�����,���ϵ�,�����,��ǳ����Ʈ ��2����������,����Ʈ ����������,����� ������ 6,����� ���ϵ� 377����,2476,2043,1997-12-31,2002-12-30,��۽ü�,��,��,��,0
250,�����,���ϵ�,�����,��ǳ����Ʈ ��3����������,����Ʈ ����������,����� ������ 6,����� ���ϵ� 377����,3085,2545,1997-12-31,2002-12-30,��۽ü�,��,��,��,0
251,�����,������,�����,����ҹ漭,����Ʈ ����������,����� ������ 308,����� ������ 171����,440,363,2001-12-01,2003-01-08,��۽ü�,��,��,��,0
252,�����,������,�����,��ȣ2�� ����Ʈ,����Ʈ ����������,����� �ζ���2�� 8,����� ������ 100����,4584,3782,1998-12-01,2003-01-08,����,��,��,��,1
253,�����,���۵�,�����,���� ���� ����Ʈ 101��,����Ʈ ����������,����� ����1�� 10,����� ���۵� 69����,516,426,1997-06-24,2002-12-30,��۽ü�,��,��,��,0
254,�����,���۵�,�����,���� ���� ����Ʈ 102��,����Ʈ ����������,����� ����1�� 10,����� ���۵� 69����,600,495,1997-06-24,2002-12-30,��۽ü�,��,��,��,0
255,�����,���۵�,�����,���� ���� ����Ʈ 103��,����Ʈ ����������,����� ����1�� 10,����� ���۵� 69����,640,528,1997-06-24,2002-12-30,��۽ü�,��,��,��,0
256,�����,���۵�,�����,���� ���� ����Ʈ 104��,����Ʈ ����������,����� ����1�� 10,����� ���۵� 69����,768,634,1997-06-24,2002-12-30,��۽ü�,��,��,��,0
257,�����,���۵�,�����,���� ���� ����Ʈ 105��,����Ʈ ����������,����� ����1�� 10,����� ���۵� 69����,516,426,1997-06-24,2002-12-30,��۽ü�,��,��,��,0
258,�����,���۵�,�����,���� ���� ����Ʈ 106��,����Ʈ ����������,����� ����1�� 10,����� ���۵� 69����,1025,846,1997-06-24,2002-12-30,��۽ü�,��,��,��,0
259,�����,���۵�,�����,���� ���� �Ӵ� ����Ʈ,����Ʈ ����������,����� ����� 10,����� ���۵� 656����,1898,1566,1998-09-25,2002-12-30,��۽ü�,��,��,��,0
260,�����,���۵�,�����,���� ���� ����Ʈ,����Ʈ ����������,����� �ൿ�ȱ� 37,����� ���۵� 33����,5208,4297,2002-07-21,2002-12-30,��۽ü�,��,��,��,0
261,�����,���۵�,�����,���� ���κ� ����Ʈ,����Ʈ ����������,����� ��ȭ�� 208-8,����� ���嵿 53����,5313,4383,2004-11-01,2004-01-01,��۽ü�,��,��,��,0
262,�����,���۵�,�����,�Ѷ� ��ߵ� 1��,����Ʈ ����������,����� ���۵��� 36,����� ���۵� 885����,8588,7085,2008-11-28,2010-12-13,��۽ü�,��,��,��,0
263,�����,���۵�,�����,���� ������ũ ����Ʈ,����Ʈ ����������,����� ���۵��� 91,����� ���۵� 829����,9257,7637,2008-09-19,2010-12-13,��۽ü�,��,��,��,0
264,�����,���۵�,�����,���� ������ÿ ����Ʈ,����Ʈ ����������,����� ���۵��� 100,����� ���۵� 830����,8451,6972,2010-06-14,2010-12-13,��۽ü�,��,��,��,0
265,�����,���۵�,�����,�Ｚ ������ ����Ʈ,����Ʈ ����������,����� ����õ�� 66,����� ���嵿 473����,12028,9923,2009-12-29,2010-12-13,��۽ü�,��,��,��,0
266,�����,���۵�,�����,���� ���� �׶��� ����Ʈ  2����,����Ʈ ����������,����� �ൿ�� 34,����� ���۵� 812����,9731,8028,2008-10-31,2010-12-13,��۽ü�,��,��,��,0
267,�����,���۵�,�����,���� �ھƷ� ����Ʈ,����Ʈ ����������,����� ������� 53,����� ��� 158����,6718,5542,2006-12-13,2010-12-13,��۽ü�,��,��,��,0
268,�����,���۵�,�����,���� �ھƷ� ����Ʈ,����Ʈ ����������,����� ����ȱ� 42,����� ���嵿 55����,9114,7519,2007-06-29,2010-12-13,��۽ü�,��,��,��,0
269,�����,����1��,�����,��ȭ����,�󰡽ü�,����� ���з� 331,����� ��� 838����,5644,4656,2003-01-02,2003-01-02,��۽ü�,��,��,��,1
270,�����,����1��,�����,����1�� �ֹμ���,������,����� �ż� 3�� 3,����� ��� 790����,101,83,1996-12-02,2003-01-02,��۽ü�,��,��,��,1
271,�����,����1��,�����,���� �� ���� ����Ʈ,����Ʈ ����������,����� ����� �Ͻ�3�� 7,����� ��� 1556����,3821,3152,2009-12-11,2011-12-29,��۽ü�,��,��,��,0
272,�����,����1��,�����,26����,�󰡽ü�,����� ���з� 342,����� ��� 805����,11395,9401,1999-12-01,2003-01-02,��۽ü�,��,��,��,1
273,�����,����2��,�����,����3�� �������Ʈ,����Ʈ ����������,����� �����2�� 8,����� ��� 501����,8984,7412,1995-06-01,2008-12-31,��۽ü�,��,��,��,1
274,�����,����2��,�����,���� �Ｚ ����Ʈ,����Ʈ ����������,����� ����3�� 9,����� ��� 401����,5552,4580,1998-12-01,2003-01-08,��۽ü�,��,��,��,0
275,�����,����2��,�����,���� 4�� �������Ʈ,����Ʈ ����������,����� �����1�� 24,����� ��� 109����,4544,3749,1998-12-01,2003-01-08,��۽ü�,��,��,��,0
276,�����,����2��,�����,���� ��ȣ ��︲����Ʈ,����Ʈ ����������,����� ������ 2�� 23,����� ��� 1525����,4851,4002,2008-08-31,2010-12-31,��۽ü�,��,��,��,1
277,�����,����3��,�����,�ѿ����Ʈ,����Ʈ ����������,����� �ϳ���� 20,����� ��� 155���� 1ȣ,7204,5943,1996-07-01,2003-01-08,��۽ü�,��,��,��,1
278,�����,����3��,�����,���� ������Ʈ,����Ʈ ����������,����� �Ƿ���� 136,����� ��� 155����,6508,5369,1997-02-01,2003-01-08,��۽ü�,��,��,��,0
279,�����,����3��,�����,���� ���� ����Ʈ,����Ʈ ����������,����� ����� 216,����� ��� 155���� 10ȣ,4744,3914,1997-12-01,2003-01-08,��۽ü�,��,��,��,1
280,�����,����3��,�����,�Ե� 4�� ����Ʈ,����Ʈ ����������,����� ����� 242,����� ��� 155���� 6ȣ,6576,5425,1996-04-01,2003-01-08,��۽ü�,��,��,��,0
281,�����,����3��,�����,��â ����Ʈ,����Ʈ ����������,����� �Ƿ���� 137,����� ��� 156����,4173,3443,1995-06-01,2003-01-08,��۽ü�,��,��,��,1
282,�����,����3��,�����,�̷� �׸��� ����Ʈ 3����,����Ʈ ����������,����� �̷�� 42,����� �̷浿 900����,3279,2705,2001-03-01,2003-01-08,��۽ü�,��,��,��,0
283,�����,����3��,�����,���� ����Ʈ,����Ʈ ����������,����� �ϳ���� 28,����� ��� 155����,5960,4917,2002-12-01,2002-01-01,��۽ü�,��,��,��,1
284,�����,����3��,�����,�̷� �׸��� ����Ʈ 2����,����Ʈ ����������,����� �̷�� 41,����� �̷浿 896����,3279,2705,2001-03-01,2011-01-28,��۽ü�,��,��,��,0
285,�����,����3��,�����,�ݱ� ���׽�Ÿ ����Ʈ,����Ʈ ����������,����� ��б� 12,����� �̷浿 71����,3278,2704,2008-12-01,2011-01-28,��۽ü�,��,��,��,1
286,�����,����3��,�����,���� û�� ����Ʈ,����Ʈ ����������,����� ����� 133,����� ��� 161����,9016,7438,2002-12-01,2003-01-08,��۽ü�,��,��,��,1
287,�����,�ҷ浿,�����,���� ����Ʈ,����Ʈ ����������,����� ����� 134,����� ��� 162����,2204,1818,1990-12-01,2003-01-06,��۽ü�,��,��,��,1
288,�����,�ҷ浿,�����,�ŵ��� ����Ʈ,����Ʈ ����������,����� ����� 135,����� ��� 163����,5502,4539,2001-12-01,2003-01-06,��۽ü�,��,��,��,1
289,�����,�ҷ浿,�����,�ҷ� ���� �ֶ��� ,����Ʈ ����������,����� ����� 136,����� ��� 164����,3039,2507,2004-07-01,2004-01-01,��۽ü�,��,��,��,1
290,�����,�ҷ浿,�����,�Ѽ� �� �Ͽ콺 ����Ʈ,����Ʈ ����������,����� ����� 137,����� ��� 165����,7584,6257,2012-09-30,2016-02-16,��۽ü�,��,��,��,0
291,�����,�ҷ浿,�����,�������Ʈ,����Ʈ ����������,����� ����� 138,����� ��� 166����,840,693,1993-03-26,2003-01-06,��۽ü�,��,��,��,0
292,�����,�ҷ浿,�����,��ȭ����Ʈ,����Ʈ ����������,����� ����� 139,����� ��� 167����,1682,1388,1992-12-01,2003-01-06,��۽ü�,��,��,��,0
293,�����,�ҷ浿,�����,�ҷ浿������ũ ����Ʈ,����Ʈ ����������,����� ����� 140,����� ��� 168����,3434,2833,2006-06-01,2010-12-15,��۽ü�,��,��,��,0
294,�����,�̼���,�����,���� 1�� ����Ʈ,����Ʈ ����������,����� ���Ʒ� 12,����� ��ϵ� 3616����,4988,4115,1997-12-01,2003-01-08,��۽ü�,��,��,��,0
295,�����,�̼���,�����,�ϳ������Ƽ,����Ʈ ����������,����� ĥ��7�� 56,����� ��ϵ� 3644����,8648,7135,2017-12-04,2017-12-04,��۽ü�,��,��,��,0
296,�ͻ��,�Կ���,�����,�̷�������,����Ʈ ���ϰ���,�ͻ�� �Կ��߾ӷ� 83,�ͻ�� �Կ��� �͸� 220-6 ,733,605,1992-01-01,1992-01-01,��۽ü�,��,��,��,1
297,�ͻ��,�Կ���,�����,�Կ� ���Ͼ���Ʈ,����Ʈ ���ϰ���,�ͻ�� �Կ��߾ӷ� 76-7,�ͻ�� �Կ��� �͸� 207-6,725,598,1995-01-02,1995-01-02,��۽ü�,��,��,��,1
298,�ͻ��,�Կ���,�����,�Կ� ��̾���Ʈ,����Ʈ ���ϰ���,�ͻ�� �Կ�9�� 36,�ͻ�� �Կ��� �͸� 211-2,798,658,1995-01-02,1995-01-02,��۽ü�,��,��,��,1
299,�ͻ��,�Կ���,�����,�Կ� ���Ͼ���Ʈ,����Ʈ ����������,�ͻ�� �Կ�5�� 19-21,�ͻ�� �Կ��� �͸� 163 ,2210,1823,2010-12-31,2010-12-31,��۽ü�,��,��,��,1
300,�ͻ��,�����,�����,��������޸սþƾ���Ʈ 1����,����Ʈ ����������,�ͻ�� ��ȭ��4�� 42-3,�ͻ�� ����� ��Ÿ� 1130 ,5291,4365,2011-05-30,2011-05-30,��۽ü�,��,��,��,1
301,�ͻ��,�����,�����,��������޸սþƾ���Ʈ 3����,����Ʈ ����������,�ͻ�� ��ȭ��4�� 12,�ͻ�� ����� ��Ÿ� 1126 ,5258,4338,2011-05-30,2011-05-30,��۽ü�,��,��,��,1
302,�ͻ��,�����,�����,��������޸սþƾ���Ʈ 2����,����Ʈ ����������,�ͻ�� ��ȭ��4�� 24-9,�ͻ�� ����� ��Ÿ� 1126 ,3345,2760,2011-05-30,2011-05-30,��۽ü�,��,��,��,1
303,�ͻ��,�߾ӵ�,�����,�˸���������,�󰡽ü�,�ͻ�� �ͻ��� 16�� 43,�ͻ�� â�ε�1�� 175-17,954,787,2000-01-01,2000-01-01,��۽ü�,��,��,��,1
304,�ͻ��,�߾ӵ�,�����,�߾ӵ� SK����,�󰡽ü�,�ͻ�� �ͻ��� 16�� 39,�ͻ�� â�ε�1�� 175-6,3815,3147,2000-01-01,2000-01-01,��۽ü�,��,��,��,1
305,�ͻ��,�߾ӵ�,�����,�߾ӵ��Ｚ����,�󰡽ü�,�ͻ�� �κϷ� 108,�ͻ�� ���굿 195-2 ,1010,833,2000-01-01,2000-01-01,��۽ü�,��,��,��,1
306,�ͻ��,��ȭ��,�����,��ȭ�� ���־���Ʈ,����Ʈ ����������,�ͻ�� ��õ�� 48,�ͻ�� ��õ�� 396-1,3030,2500,1995-01-01,1995-01-01,��۽ü�,��,��,��,1
307,�ͻ��,��ȭ��,�����,��ȭ�� �ѽ��� ����Ʈ,����Ʈ ����������,�ͻ�� ��õ�� 30-14,�ͻ�� ��õ�� 1376-1 ,4474,3691,2001-01-01,2001-01-01,��۽ü�,��,��,��,1
308,�ͻ��,��ȭ��,�����,���̸� ��ʽ���,�󰡽ü�,�ͻ�� ������ 11,�ͻ�� ��ȭ��2�� 100,1302,1074,2002-02-01,2002-02-01,��۽ü�,��,��,��,1
309,�ͻ��,��ȭ��,�����,��ȭ�� ������ũ,�󰡽ü�,�ͻ�� ������ 31,�ͻ�� ��ȭ��2�� 54,4885,4030,2010-12-08,2010-12-08,��۽ü�,��,��,��,1
310,�ͻ��,���굿,�����,��������1������Ʈ,����Ʈ ����������,�ͻ�� ������18�� 46-1,�ͻ�� ���굿 1053-1,6868,5666,1992-03-11,1992-03-11,����,��,��,��,1
311,�ͻ��,���굿,�����,���ξ���Ʈ,����Ʈ ����������,�ͻ�� ��õ�� 81-12,�ͻ�� �ݰ��� 923 ,5886,4856,1997-01-27,1997-01-27,��۽ü�,��,��,��,1
312,�ͻ��,���굿,�����,�쳲���ξ���Ʈ,����Ʈ ����������,�ͻ�� ��õ�� 346,�ͻ�� ���굿 609-42 ,2224,1835,1999-01-04,1999-01-04,��۽ü�,��,��,��,1
313,�ͻ��,���굿,�����,��Ž���������Ʈ,����Ʈ ����������,�ͻ�� ���̷� 31,�ͻ�� �ݰ��� 364-1 ,7361,6073,1999-03-11,1999-03-11,��۽ü�,��,��,��,1
314,�ͻ��,���굿,�����,�����޸սþƾ���Ʈ 2����,����Ʈ ����������,�ͻ�� ��õ�� 25,�ͻ�� ���굿 1139 ,10678,8809,2010-12-08,2010-12-08,��۽ü�,��,��,��,1
315,�ͻ��,���굿,�����,�����޸սþƾ���Ʈ 3����,����Ʈ ����������,�ͻ�� ��õ��1�� 7,�ͻ�� ���굿 1140 ,5183,4276,2010-12-08,2010-12-08,��۽ü�,��,��,��,1
316,�ͻ��,����,�����,�����츲�׸��Ǽ�,����Ʈ ����������,�ͻ�� ������ 162 ,�ͻ�� ���� 70-1 ,3451,2847,2002-02-01,2002-02-01,��۽ü�,��,��,��,1
317,�ͻ��,���ߵ�,�����,��������,�󰡽ü�,�ͻ�� �κϷ� 209,�ͻ�� ���ߵ� 222-2 ,1635,1349,2003-05-12,2003-05-12,��۽ü�,��,��,��,1
318,�ͻ��,���ߵ�,�����,���λ�Ȱ��,���ǽü�,�ͻ�� �κϷ�32�� 32,�ͻ�� ���ߵ� 86-225,1635,1349,2003-05-12,2003-05-12,��۽ü�,��,��,��,1
319,�ͻ��,���ߵ�,�����,������ȭ����Ʈ,����Ʈ ����������,�ͻ�� �ͻ��� 255,�ͻ�� ���ߵ� 455-5 ,970,800,2003-05-12,2003-05-12,��۽ü�,��,��,��,1
320,�ͻ��,���ߵ�,�����,��ȣ����Ʈ,����Ʈ ���ϰ���,�ͻ�� ������27�� 6,�ͻ�� ���ߵ� 537-2 ,537,443,2003-05-12,2003-05-12,����,��,��,��,1
321,�ͻ��,���ߵ�,�����,���Ͼ���Ʈ 1��,����Ʈ ����������,�ͻ�� �κϷ�9�� 19,�ͻ�� ���ߵ� 370-4,697,575,2003-05-12,2003-05-12,����,��,��,��,1
322,�ͻ��,���ߵ�,�����,���Ͼ���Ʈ 2��,����Ʈ ����������,�ͻ�� �κϷ�9�� 19,�ͻ�� ���ߵ� 370-4,593,489,2003-05-12,2003-05-12,����,��,��,��,1
323,�ͻ��,���ߵ�,�����,�ͻ��û,������,�ͻ�� �κϷ�32�� 1,�ͻ�� ���ߵ� 60 ,308,254,2008-12-30,2008-12-30,��۽ü�,��,��,��,0
324,�ͻ��,������,�����,�����츲�ѼָǼ�,����Ʈ ����������,�ͻ�� ������ 146-8 ,�ͻ�� ������1�� 19 ,6046,4988,2001-02-05,2001-02-05,��۽ü�,��,��,��,1
325,�ͻ��,������,�����,�����߾�������,����Ʈ ����������,�ͻ�� ��ȭ��5�� 45,�ͻ�� ������1�� 525-2,3775,3114,2001-02-05,2001-02-05,��۽ü�,��,��,��,1
326,�ͻ��,������,�����,��������3��,����Ʈ ����������,�ͻ�� ���� 91-9,�ͻ�� ������1�� 677-2,3599,2969,2001-02-05,2001-02-05,����,��,��,��,1
327,�ͻ��,������,�����,��������5��,����Ʈ ����������,�ͻ�� ��ȭ��8�� 12,�ͻ�� ������1�� 302-20,1238,1021,2001-02-05,2001-02-05,����,��,��,��,1
328,�ͻ��,������,�����,�������2��,����Ʈ ����������,�ͻ�� ��ȭ��19�� 28,�ͻ�� ������1�� 48-4 ,1779,1468,2001-02-08,2001-02-08,��۽ü�,��,��,��,1
329,�ͻ��,������,�����,��������2��,����Ʈ ����������,�ͻ�� ����14�� 9,�ͻ�� ������1�� 303-1 ,7478,6169,2002-02-04,2002-02-04,����,��,��,��,1
330,�ͻ��,������,�����,��������4��,����Ʈ ����������,�ͻ�� ����16�� 33,�ͻ�� ������1�� 296-2 ,625,516,2002-02-22,2002-02-22,����,��,��,��,1
331,�ͻ��,������,�����,��������6��,����Ʈ ����������,�ͻ�� ��ȭ�� 100-12,�ͻ�� ������1�� 335-2 ,2152,1775,2002-02-22,2002-02-22,����,��,��,��,1
332,�ͻ��,������,�����,���� ���Ͼ���Ʈ,����Ʈ ����������,�ͻ�� ����24�� 64,�ͻ�� ������1�� 111-1,2248,1855,2002-09-12,2002-09-12,����,��,��,��,1
333,�ͻ��,������,�����,����޸սþ�5��,����Ʈ ����������,�ͻ�� ��ȭ��1�� 57-32,�ͻ�� ������2�� 577 ,1345,1110,2011-03-22,2011-03-22,��۽ü�,��,��,��,1
334,�ͻ��,������,�����,����޸սþ�4��,����Ʈ ����������,�ͻ�� ��ȭ��1�� 25-14 ,�ͻ�� ������2�� 674,4519,3728,2011-03-23,2011-03-23,��۽ü�,��,��,��,1
335,�ͻ��,������,�����,���� �����Ѽ���,����Ʈ ����������,�ͻ�� ��ȭ��10�� 17,�ͻ�� ������1�� 954 ,7310,39598,2013-05-20,2013-05-20,��۽ü�,��,��,��,1
336,�ͻ��,���е�,�����,�����������Ʈ 101��,����Ʈ ����������,�ͻ�� ���� 34-1,�ͻ�� ���е� 245-2,457,377,1991-10-14,1991-10-14,����,��,��,��,1
337,�ͻ��,���е�,�����,�����������Ʈ 102��,����Ʈ ����������,�ͻ�� ���� 34-2,�ͻ�� ���е� 245-2,745,615,1991-10-14,1991-10-14,����,��,��,��,1
338,�ͻ��,���е�,�����,�����������Ʈ 103��,����Ʈ ����������,�ͻ�� ���� 34-3,�ͻ�� ���е� 245-2,745,615,1991-10-14,1991-10-14,����,��,��,��,1
339,�ͻ��,���е�,�����,�����������Ʈ 104��,����Ʈ ����������,�ͻ�� ���� 34-4,�ͻ�� ���е� 245-2,718,592,1991-10-14,1991-10-14,����,��,��,��,1
340,�ͻ��,���е�,�����,�����������Ʈ 105��,����Ʈ ����������,�ͻ�� ���� 34-5,�ͻ�� ���е� 245-2,509,420,1991-10-14,1991-10-14,����,��,��,��,1
341,�ͻ��,���е�,�����,�����������Ʈ 106��,����Ʈ ����������,�ͻ�� ���� 34-6,�ͻ�� ���е� 245-2,758,625,1991-10-14,1991-10-14,����,��,��,��,1
342,�ͻ��,���е�,�����,�����ú� 102��,����Ʈ ���ϰ���,�ͻ�� ����39-6,�ͻ�� ���е� 245-2,1038,856,2002-12-12,2002-12-12,��۽ü�,��,��,��,1
343,�ͻ��,���е�,�����,�����ú� 301��,����Ʈ ���ϰ���,�ͻ�� ���� 39-6,�ͻ�� ���е� 245-2,404,333,2002-12-12,2002-12-12,��۽ü�,��,��,��,1
344,�ͻ��,���е�,�����,��������������Ʈ,����Ʈ ���ϰ���,�ͻ�� ����2�� 28,�ͻ�� ���е� 138-24 ,1794,1480,2006-08-25,2006-08-25,����,��,��,��,1
345,�ͻ��,���е�,�����,�����ú� 101��,����Ʈ ���ϰ���,�ͻ�� ���� 39-6,�ͻ�� ���е� 245-2,781,644,2012-12-12,2012-12-12,��۽ü�,��,��,��,1
346,�ͻ��,���е�,�����,�����ú� 201��,����Ʈ ���ϰ���,�ͻ�� ���� 39-7,�ͻ�� ���е� 245-2,1184,977,2012-12-12,2012-12-12,��۽ü�,��,��,��,1
347,�ͻ��,����1��,�����,��������2��,����Ʈ ����������,�ͻ�� ������ 24�� 18,�ͻ�� ��� 763,8647,7134,2000-02-02,2000-02-02,��۽ü�,��,��,��,1
348,�ͻ��,����1��,�����,��������2��,����Ʈ ����������,�ͻ�� ������ 24�� 30,�ͻ�� ��� 767-8,2211,1824,2000-02-02,2000-02-02,��۽ü�,��,��,��,1
349,�ͻ��,����1��,�����,�������1��,����Ʈ ����������,�ͻ�� ������ 16�� 11,�ͻ�� ��� 255,5950,4909,2000-02-03,2000-02-03,��۽ü�,��,��,��,1
350,�ͻ��,����1��,�����,�������2��,����Ʈ ����������,�ͻ�� ������ 16�� 12,�ͻ�� ��� 254-50 ,6444,5316,2000-03-03,2000-03-03,��۽ü�,��,��,��,1
351,�ͻ��,����1��,�����,������Ͼ���Ʈ,����Ʈ ����������,�ͻ�� ���̷� 192,�ͻ�� ��� 714-1,3456,10076,2001-04-09,2001-04-09,��۽ü�,��,��,��,1
352,�ͻ��,����2��,�����,����ο�3��,����Ʈ ����������,�ͻ�� �ϳ���483-60,�ͻ�� ��� 815,4723,17831,1998-08-12,1998-08-12,��۽ü�,��,��,��,1
353,�ͻ��,����2��,�����,��������3������Ʈ,����Ʈ ����������,�ͻ�� ������34��35,�ͻ�� ��� 821,4360,3597,1998-12-19,1998-12-19,��۽ü�,��,��,��,1
354,�ͻ��,����2��,�����,��� �쳲�׷������Ʈ,����Ʈ ����������,�ͻ�� �ϳ��� 13��26,�ͻ�� ��� 822,4091,3375,1999-01-05,1999-01-05,��۽ü�,��,��,��,1
355,�ͻ��,����2��,�����,��������4������Ʈ,����Ʈ ����������,�ͻ�� ���շ�9�� 60,�ͻ�� ��� 810 ,5914,4879,1999-11-25,1999-11-25,��۽ü�,��,��,��,1
356,�ͻ��,����2��,�����,��� ���Ϻ���,����ü�,�ͻ�� ���շ�1053,�ͻ�� ��� 833-2 ,433,357,2001-12-01,2001-12-01,��۽ü�,��,��,��,1
357,�ͻ��,��絿,�����,���ο�2��,����Ʈ ����������,�ͻ�� ������61�� 34,�ͻ�� ��絿 653-1 ,4368,13048,2000-03-01,2000-03-01,��۽ü�,��,��,��,1
358,�ͻ��,��絿,�����,���ο�1��,����Ʈ ����������,�ͻ�� ���շ�20�� 17,�ͻ�� ��絿 652-1 ,7593,6264,2001-04-06,2001-04-06,��۽ü�,��,��,��,1
359,�ͻ��,��絿,�����,����ְ�7��,����Ʈ ����������,�ͻ�� �ϳ���10�� 25,�ͻ�� ��絿 691,5422,4473,2001-04-06,2001-04-06,��۽ü�,��,��,��,1
360,�ͻ��,��絿,�����,����ְ�4��,����Ʈ ����������,�ͻ�� �μ�1�� 17,�ͻ�� ��絿 621,5097,4205,2001-04-09,2001-04-09,��۽ü�,��,��,��,1
361,�ͻ��,��絿,�����,����ְ�5��,����Ʈ ����������,�ͻ�� �μ�1�� 17,�ͻ�� ��絿 621 ,6968,5749,2001-04-09,2001-04-09,��۽ü�,��,��,��,1
362,�ͻ��,��絿,�����,����ְ�6��,����Ʈ ����������,�ͻ�� ���շ�19�� 11,�ͻ�� ��絿 695,8202,6767,2001-04-09,2001-04-09,��۽ü�,��,��,��,1
363,�ͻ��,��絿,�����,��� �����̼ҵ帲,����Ʈ ����������,�ͻ�� �ϳ��� 498-21,�ͻ�� ��絿 414,8744,7214,2010-12-24,2010-12-24,��۽ü�,��,��,��,1
364,�ͻ��,��絿,�����,��� ���̾���Ʈ,����Ʈ ����������,�ͻ�� ������ 509,�ͻ�� ��絿 709,3418,27954,2010-12-24,2010-12-24,��۽ü�,��,��,��,1
365,�ͻ��,��絿,�����,��� ������ ���� ����Ʈ,����Ʈ ����������,�ͻ�� ������63�� 25,�ͻ�� ��絿 736 ,5462,53088,2016-09-06,2016-09-06,��۽ü�,��,��,��,1
366,�ͻ��,�ŵ�,�����,�������к���,�Ƿ�ü�,�ͻ�� ���շ� 895,�ͻ�� �ŵ� 272,961,793,1993-03-03,1993-03-03,��۽ü�,��,��,��,1
367,�ͻ��,�ŵ�,�����,�������б�,�����ü�,�ͻ�� �ͻ���460,�ͻ�� �ŵ� 272,1543,1273,1998-03-03,1998-03-03,��۽ü�,��,��,��,1
368,�ͻ��,�ŵ�,�����,�ŵ� ��ȣ��︲,����Ʈ ����������,�ͻ�� �κϷ� 334,�ͻ�� �ŵ� 861 ,3514,27830,2014-08-22,2014-08-22,��۽ü�,��,��,��,1
369,�ͻ��,�Ｚ��,�����,�μ۵��ž���Ʈ,����Ʈ ����������,�ͻ�� �μ�1�� 82,�ͻ�� �μ۵� 1038 ,1602,1322,1993-10-29,1993-10-29,��۽ü�,��,��,��,1
370,�ͻ��,�Ｚ��,�����,�μ۵���1��,����Ʈ ����������,�ͻ�� ���շ� 26�� 32,�ͻ�� �μ۵� 231-4 ,10291,8490,1997-10-25,1997-10-25,��۽ü�,��,��,��,1
371,�ͻ��,�Ｚ��,�����,�μ۵���2��,����Ʈ ����������,�ͻ�� ���շ� 26�� 32,�ͻ�� �μ۵� 231-26,5109,4215,1997-10-25,1997-10-25,��۽ü�,��,��,��,1
372,�ͻ��,�Ｚ��,�����,�μۺο�5��,����Ʈ ����������,�ͻ�� �ϳ��� 10��97,�ͻ�� �μ۵� 1108 ,6135,5061,1997-10-25,1997-10-25,��۽ü�,��,��,��,1
373,�ͻ��,�Ｚ��,�����,�ͻ�� �������,���ǽü�,�ͻ�� ���շ� 1397,�ͻ�� �μ۵� 180,2928,10879,1997-12-08,1997-12-08,��۽ü�,��,��,��,1
374,�ͻ��,�Ｚ��,�����,�μ� �ϳ����� ����Ʈ,����Ʈ ����������,�ͻ�� �õ��� 151-7,�ͻ�� �μ۵� 1210 ,1848,13755,2016-09-06,2016-09-06,��۽ü�,��,��,��,1
375,�ͻ��,�Ｚ��,�����,�μ����Ͽ����׶���,����Ʈ ����������,�ͻ�� ��ȭ��73�� 38,�ͻ�� �μ۵� 216-6,10299,8497,2016-09-06,2016-09-06,��۽ü�,��,��,��,1
376,�ͻ��,�Ｚ��,�����,�μ� �쳲�޺�Ÿ��,����Ʈ ����������,�ͻ�� ���շ� 26�� 11-5,�ͻ�� �μ۵� 216-2 ,10001,8251,1995-11-16,1995-11-16,��۽ü�,��,��,��,1
377,�ͻ��,���굿,�ű�����,�ݰ�������ũ1����,����Ʈ ����������,�ͻ�� ���̷� 25,�ͻ�� �ݰ��� 428-1,2452,2023,2011-11-10,2020-08-03,��۽ü�,,,,
378,�ͻ��,���굿,�ű�����,�ݰ�������ũ2����,����Ʈ ����������,�ͻ�� ���̷� 25,�ͻ�� �ݰ��� 428-2,4872,4019,2011-11-10,2020-08-03,��۽ü�,,,,
379,�ͻ��,������,�ű�����,���ο�1��,����Ʈ ����������,�ͻ�� ��ȭ�� 41,�ͻ�� ������ 1�� 812,31634,26098,2012-11-10,2020-08-03,��۽ü�,,,,
380,�ͻ��,������,�ű�����,���ο�2��,����Ʈ ����������,�ͻ�� ��ȭ�� 57-33,�ͻ�� ������2�� 673,31634,23065,2012-11-23,2020-08-03,��۽ü�,,,,
381,�ͻ��,������,�ű�����,������Ͽ����׶���,����Ʈ ����������,�ͻ�� ��ȭ�� 17,�ͻ�� ������2�� 675,31634,23867,2014-10-28,2020-08-03,��۽ü�,,,,
382,�ͻ��,���е�,�ű�����,���� ����,����Ʈ ���ϰ���,�ͻ�� �а�� 20�� 77,�ͻ�� ���е� 898,6748,5567,2014-04-30,2020-08-03,��۽ü�,,,,
383,�ͻ��,���е�,�ű�����,�������ȸ���,����Ʈ ���ϰ���,�ͻ�� �а�� 154-7,�ͻ�� ���е� 890,9790,8077,2009-04-13,2020-08-03,��۽ü�,,,,
384,�ͻ��,�Ｚ��,�ű�����,�μ� �ھƷ���縮ü,����Ʈ ����������,�ͻ�� �μ�1�� 120-11,�ͻ�� �μ۵� 1215,5947,4906,2019-01-11,2020-08-03,��۽ü�,,,,
385,�ͻ��,�Ｚ��,�ű�����,�μۻＺ����Ʈ,����Ʈ ����������,�ͻ�� ��ȭ��69�� 59,�ͻ�� �μ۵� 1038-1,6678,5509,1994-12-15,2020-08-03,��۽ü�,,,,
386,�ͻ��,�Ｚ��,�ű�����,�μۿ�����Ͽ콺,����Ʈ ����������,�ͻ�� ��ȭ��69�� 42,�ͻ�� �μ۵� 242-12,7112,5867,2004-03-26,2020-08-03,��۽ü�,,,,
387,�ͻ��,�Ｚ��,�ű�����,�μ����ϱ�ġ��,����Ʈ ����������,�ͻ�� ���շ� 21�� 18,�ͻ�� �μ۵� 1084-1,11303,9325,2003-09-06,2020-08-03,��۽ü�,,,,
388,������,������,�����,������û,������,������ ������234,������ ������ 440���� ,665,549,1990-05-07,1994-01-01,��۽ü�,��,��,��,1
389,������,������,�����,�ο�1������Ʈ 102��,����Ʈ ����������,������ ��������2�� 17,������ ������ 961����,5010,4133,2000-05-30,2002-01-01,��۽ü�,��,��,��,1
390,������,������,�����,�ο�1������Ʈ 103��,����Ʈ ����������,������ ��������2�� 18,������ ������ 961����,3827,3157,2000-05-30,2002-01-01,��۽ü�,��,��,��,1
391,������,������,�����,�ο�1������Ʈ 104��,����Ʈ ����������,������ ��������2�� 19,������ ������ 961����,5762,4754,2000-05-30,2002-01-01,��۽ü�,��,��,��,1
392,������,������,�����,��ĳ������Ʈ,����Ʈ ����������,������ ���������� 65,������ ������ 940,3941,3251,2013-08-02,2017-08-02,��۽ü�,��,��,��,1
393,������,������,�����,�ο�2������Ʈ 201��,����Ʈ ����������,������ ����� 156,������ ������ 1027����,5553,4581,2000-11-25,2002-01-01,��۽ü�,��,��,��,1
394,������,������,�����,�ο�2������Ʈ 202��,����Ʈ ����������,������ ����� 157,������ ������ 1027����,6607,5451,2000-11-25,2002-01-01,��۽ü�,��,��,��,1
395,������,������,�����,�ο�2������Ʈ 203��,����Ʈ ����������,������ ����� 158,������ ������ 1027����,5070,4183,2000-11-25,2002-01-01,��۽ü�,��,��,��,1
396,������,������,�����,�ο�2������Ʈ 204��,����Ʈ ����������,������ ����� 159,������ ������ 1027����,6105,5037,2000-11-25,2002-01-01,��۽ü�,��,��,��,1
397,������,�����,�����,��������Ʈ,����Ʈ ����������,������ ���3��47,������ �� 319���� 15ȣ,6148,5072,1997-02-19,2003-01-02,��۽ü�,��,��,��,1
398,������,�����,�����,�ż��̼��������Ʈ,����Ʈ ����������,������ ���߾ӷ�41,������ �� 966����,6758,5575,2009-11-20,2012-03-22,��۽ü�,��,��,��,1
399,������,�����,�����,����3������Ʈ,����Ʈ ����������,������ ���߾ӷ� 62-16,������ �� 146���� 1ȣ,7389,6096,1995-10-27,2003-01-02,��۽ü�,��,��,��,1
400,������,�����,�����,���Ÿ�����Ʈ,����Ʈ ����������,������ �л�� 95,������ �� 82����,6177,5096,1993-08-30,2003-01-02,��۽ü�,��,��,��,1
401,������,�����,�����,���帲ä����Ʈ 101��,����Ʈ ����������,������ �л�� 103-4,������ �� 183���� 11ȣ,2356,1944,2001-12-23,2003-03-03,��۽ü�,��,��,��,1
402,������,�����,�����,������������Ʈ,����Ʈ ����������,������ �л�� 89-25,������ �� 84����,3469,2862,2007-04-13,2012-03-21,��۽ü�,��,��,��,1
403,������,�����,�����,���޸սþ�2����,����Ʈ ����������,������ �л�� 89-71,������ �� 967����,4520,3729,2009-11-18,2016-12-30,��۽ü�,��,��,��,1
404,������,�����,�����,���޸սþ�3����,����Ʈ ����������,������ �л�� 89-72,������ �� 967����,5805,4789,2009-11-18,2016-12-30,��۽ü�,��,��,��,1
405,������,�����,�����,�븲����Ʈ,����Ʈ ����������,������ �ݺ�1��1-1,������ �ݺص� 18���� 8ȣ,1646,1358,1993-08-30,2003-11-02,��۽ü�,��,��,��,1
406,������,�ñ⵿,�����,��ȭ�׸�����Ʈ,����Ʈ ����������,������ ����3�� 21-13,������ �ñ⵿ 194���� 7ȣ,4000,3300,1996-08-12,2006-02-26,��۽ü�,��,��,��,1
407,������,�ñ⵿,�����,��â��ũ1������Ʈ,����Ʈ ����������,������ ����5�� 19-9,������ �ñ⵿ 523����,2242,1850,1995-11-30,2001-01-02,��۽ü�,��,��,��,1
408,������,�ñ⵿,�����,��â��ũ2������Ʈ,����Ʈ ����������,������ ����6�� 10,������ �ñ⵿ 491���� 1ȣ,2242,1850,1995-12-08,2001-01-02,��۽ü�,��,��,��,1
409,������,�ñ⵿,�����,���Ͼ���Ʈ,����Ʈ ����������,������ �ʻ�1��22,������ �ñ⵿ 422���� ,958,790,1994-12-07,2001-01-02,��۽ü�,��,��,��,1
410,������,�ñ⵿,�����,��ȭ����Ʈ,����Ʈ ����������,������ õ���� 308,������ �ñ⵿ 112���� ,657,542,1995-03-23,2000-01-02,��۽ü�,��,��,��,1
411,������,�ñ⵿,�����,��Ʈ��ī��Ƽ����Ʈ 101��,����Ʈ ����������,������ �ñ�1�� 22,������ �ñ⵿ 100����,2828,2333,2006-06-02,2012-03-22,��۽ü�,��,��,��,1
412,������,�ñ⵿,�����,��Ʈ��ī��Ƽ����Ʈ 102��,����Ʈ ����������,������ �ñ�1�� 22,������ �ñ⵿ 100����,2567,2118,2006-06-02,2012-03-22,��۽ü�,��,��,��,1
413,������,�ñ⵿,�����,��Ʈ��ī��Ƽ����Ʈ 103��,����Ʈ ����������,������ �ñ�1�� 22,������ �ñ⵿ 100����,2415,1992,2006-06-02,2012-03-22,��۽ü�,��,��,��,1
414,������,�ñ⵿,�����,��쳻�Ⱦ־���Ʈ,����Ʈ ����������,������ õ���� 394-16,������ �־ϵ� 1012����,5293,4367,2014-08-24,2016-12-30,��۽ü�,��,��,��,1
415,������,������,�����,��������������Ʈ,����Ʈ ����������,������ �߾ӷ� 53,������ ������ 37 7ȣ,5441,4489,2015-06-30,2017-06-15,��۽ü�,��,��,��,1
416,������,�󱳵�,�����,�������1������Ʈ 101��,����Ʈ ����������,������ ����1�� 15-23,������ ���� 97���� 11ȣ,402,332,1992-11-12,1994-01-01,��۽ü�,��,��,��,1
417,������,�󱳵�,�����,�������1������Ʈ 101��,����Ʈ ����������,������ ����1�� 15-23,������ ���� 97���� 11ȣ,673,555,1992-11-12,1994-01-01,��۽ü�,��,��,��,1
418,������,�󱳵�,�����,�������2������Ʈ 105��,����Ʈ ����������,������ ����1�� 7-11,������ ���� 97���� 11ȣ,852,703,1992-11-12,1994-01-01,��۽ü�,��,��,��,1
419,������,�󱳵�,�����,�������2������Ʈ 105��,����Ʈ ����������,������ ����1�� 7-11,������ ���� 97���� 11ȣ,388,320,1992-11-12,1994-01-01,��۽ü�,��,��,��,1
420,������,���浿,�����,�������Ʈ,����Ʈ ����������,������ ������ 83,������ ���浿 330,3455,2850,1997-04-22,2003-06-02,��۽ü�,��,��,��,2
421,������,���׵�,�����,��������,�ְŽü�,������ ����� 98,������ ���׵� 58,1218,1005,1991-10-31,2003-01-02,����,��,��,��,2
422,������,���׵�,�����,SC�������� ��������,���ǽü�,������ ������ 445,������ ������ 104,718,592,1997-05-23,2003-01-02,����,��,��,��,2
423,������,���׵�,�����,KB�������ೲ������,���ǽü�,������ ���Ѽ��� 64,������ ������ 121-1,1086,896,1993-02-18,2011-01-11,����,��,��,��,2
424,������,��ϵ�,�����,�ѽž���Ʈ,����Ʈ ����������,������ ��۷� 1229,������ ��ϵ� 260,2713,2238,1995-03-25,1996-04-29,����,��,��,��,2
425,������,��ϵ�,�����,����3��������Ʈ,����Ʈ ����������,������ �������� 41,������ ��ϵ� 383,2581,2129,1997-01-01,1998-01-29,��۽ü�,��,��,��,2
426,������,��ϵ�,�����,��Ⱦ���Ʈ,����Ʈ ����������,������ ��۷� 1237,������ ��ϵ� 220-1,1387,1144,1997-10-02,1998-01-30,��۽ü�,��,��,��,2
427,������,��ϵ�,�����,�˽��ϸ���Ʈ �����곲����,�󰡽ü�,������ �Ҹ��� 66,������ ��ϵ� 807-1,978,807,1990-11-09,1998-01-30,��۽ü�,��,��,��,2
428,������,�ݵ�,�����,�����곫��������������,��Ÿ,������ ���ѷ� 28,������ �ݵ� 280-24,401,331,1992-11-14,1993-06-01,����,��,��,��,2
429,������,�ݵ�,�����,�ݵ��޸սþƾ���Ʈ����������,����Ʈ ����������,������ ������ 57,������ �ݵ� 586,3801,3136,2011-02-18,2019-02-20,��۽ü�,��,��,��,0
430,������,�ݵ�,�����,�ݵ��޸սþƾ���Ʈ��2������,����Ʈ ����������,������ ������ 57,������ �ݵ� 586,5933,4895,2011-02-18,2019-02-20,��۽ü�,��,��,��,0
431,������,�ݵ�,�����,��â�ض߷�����Ʈ,����Ʈ ����������,������ ����� 27,������ ���굿 977,3947,3256,2015-09-18,2019-02-20,��۽ü�,��,��,��,0
432,������,������,�����,��ī��Ʈ������Ʈ,����Ʈ ����������,������ ��õ�� 1300,������ ���굿 975,4921,4060,2008-04-02,2010-12-30,��۽ü�,��,��,��,2
433,������,������,�����,����2��������Ʈ,����Ʈ ����������,������ ��Ȳ�ܱ� 38,������ ������ 231-2,1446,1193,1993-10-18,1995-01-01,��۽ü�,��,��,��,2
434,������,������,�����,��������Ʈ,����Ʈ ����������,������ ��õ���� 410,������ ������ 113-1,2244,1851,1994-02-01,1995-01-01,��۽ü�,��,��,��,2
435,������,������,�����,��ȣ�����ھ���Ʈ,����Ʈ ����������,������ ������ 385-16,������ ������ 146-1,4768,3934,1995-02-01,1995-11-07,��۽ü�,��,��,��,2
436,������,�ⱳ��,�����,����ϵ��������ο�纴��,�Ƿ�ü�,������ �꼺�� 51-15,������ �� 21-3,904,746,2010-01-01,2010-12-30,��۽ü�,��,��,��,2
437,������,�ⱳ��,�����,����ϵ�������������,������,������ �꼺�� 87,������ �� 23,3341,2756,2010-03-02,2010-12-30,��۽ü�,��,��,��,2
438,������,�ⱳ��,�����,�������߾��������ܵ�,�󰡽ü�,������ ��¾ȱ� 2-9,������ �� 15-2,5006,4130,1995-07-15,2010-12-30,��۽ü�,��,��,��,2
439,������,���뵿,�����,������û,������,������ ��û�� 60,������ ���뵿 518,2476,2043,1992-02-04,1992-02-04,��۽ü�,��,��,��,2
440,������,���뵿,�����,�ο�1������Ʈ,����Ʈ ����������,������ �뼺�� 207,������ ���뵿 144,6299,5197,1995-02-04,1995-11-18,��۽ü�,��,��,��,2
441,������,���뵿,�����,�ο�2������Ʈ 204��,����Ʈ ����������,������ ����1�� 97,������ ������ 638,2412,1990,2001-02-04,2001-03-29,��۽ü�,��,��,��,2
442,������,���뵿,�����,�ο�2������Ʈ 205��,����Ʈ ����������,������ ����1�� 97,������ ������ 638,2869,2367,2001-02-04,2001-03-29,��۽ü�,��,��,��,2
443,������,���뵿,�����,�ο�2������Ʈ 206��,����Ʈ ����������,������ ����1�� 97,������ ������ 638,2412,1990,2001-02-04,2001-03-29,��۽ü�,��,��,��,2
444,������,���뵿,�����,�ο�2������Ʈ 207��,����Ʈ ����������,������ ����1�� 97,������ ������ 638,2744,2264,2001-02-04,2001-03-29,��۽ü�,��,��,��,2
445,������,���뵿,�����,�ο�2������Ʈ 208��,����Ʈ ����������,������ ����1�� 97,������ ������ 638,2848,2350,2001-02-04,2001-03-29,��۽ü�,��,��,��,2
446,������,���뵿,�����,�ο�3������Ʈ 303��,����Ʈ ����������,������ ����1�� 82,������ ������ 642,2881,2377,2001-01-11,2001-03-29,��۽ü�,��,��,��,2
447,������,���뵿,�����,�ο�3������Ʈ 305��,����Ʈ ����������,������ ����1�� 82,������ ������ 642,3238,2671,2001-01-11,2001-03-29,��۽ü�,��,��,��,2
448,������,���뵿,�����,�ο�5������Ʈ 504��,����Ʈ ����������,������ ����1�� 26,������ ���뵿 576,3246,2678,2001-01-10,2002-02-04,��۽ü�,��,��,��,2
449,������,���뵿,�����,�ο�5������Ʈ 506��,����Ʈ ����������,������ ����1�� 26,������ ���뵿 576,3137,2588,2001-01-10,2002-02-04,��۽ü�,��,��,��,2
450,������,���뵿,�����,�ο�5������Ʈ 507��,����Ʈ ����������,������ ����1�� 26,������ ���뵿 576,3085,2545,2001-01-10,2002-02-04,��۽ü�,��,��,��,2
451,������,������,�����,���浵����,�����ü�,������ ������ ����� 776,������ ������ ���渮 536-2,320,264,1998-04-01,2003-03-07,��۽ü�,��,��,��,1
452,������,���̵�,�����,������û ���ϴ��Ǽ�,������,������ �߾ӷ� 40,������ ���ϵ� 353,1022,843,1996-01-18,1996-01-18,��۽ü�,��,��,��,1
453,������,���̵�,�����,������û ���ϽĴ�,������,������ �߾ӷ� 40,������ ���ϵ� 353,1362,1124,1996-01-18,1996-01-18,��۽ü�,��,��,��,1
454,������,���̵�,�����,�������Ʈ,����Ʈ ����������,������ ���Ϸ� 267,������ ���ϵ� 17-1,3200,2640,2009-02-01,2011-01-05,��۽ü�,��,��,��,1
455,������,���̵�,�����,�������Ǽ�,�Ƿ�ü�,������ ����� 138,������ ���̵� 423-2,2925,2413,2000-12-31,2001-01-01,����,��,��,��,1
456,������,���̵�,�����,���Ϸξ����Ʈ,����Ʈ ���ϰ���,������ ����5�� 14,������ ���̵� 282,1286,1061,1992-12-30,1993-01-01,����,��,��,��,1
457,������,���̵�,�����,�ø�������,�����ü�,������ ������� 151,������ ���̵� 105-2,958,790,1996-12-30,1997-01-01,��۽ü�,��,��,��,1
458,������,���̵�,�����,�ϵ� �����׶�������Ʈ,����Ʈ ����������,������ �����߱� 146,������ �ϵ� 595,2357,12395,2016-06-01,2017-03-02,��۽ü�,��,��,��,3
459,������,��ǳ��,�����,�ο�3������Ʈ,����Ʈ ����������,������ ���۷� 33,������ ��ǳ�� 63,5962,18902,2000-07-06,2001-01-01,��۽ü�,��,��,��,4
460,������,��ǳ��,�����,������Ʈ,����Ʈ ����������,������ �ݼ�8�� 56,������ ��ǳ�� 605,3130,2582,2001-09-13,2002-01-01,��۽ü�,��,��,��,1
461,������,��ǳ��,�����,���Ѿ���Ʈ,����Ʈ ����������,������ �ݼ�2�� 12,������ ��ǳ�� 452,1755,1448,1993-02-08,2002-01-01,��۽ü�,��,��,��,1
462,������,��ǳ��,�����,����׸�������Ʈ,����Ʈ ����������,������ ������� 70,������ ��ǳ�� 365,1385,1143,2001-04-27,2002-01-01,����,��,��,��,1
463,������,��ǳ��,�����,�ѱ�����̰��� ��������,������,������ ȭ���� 112,������ ��ǳ�� 491-1,1210,998,1994-02-18,2001-01-01,��۽ü�,��,��,��,1
464,������,��ǳ��,�����,�������Ʈ,����Ʈ ����������,������ �߾�16�� 51,������ ��ǳ�� 315-1,1270,1048,1993-11-05,2002-01-01,����,��,��,��,2
465,������,�˻굿,�����,�ο�1������Ʈ,����Ʈ ����������,������ ���۷� 111,������ �˻굿 1032-1,2527,2085,1992-09-01,1992-09-01,��۽ü�,��,��,��,1
466,������,�˻굿,�����,�˻꼣��1������Ʈ,����Ʈ ����������,������ �˻�����4�� 30,������ �˻굿 1080,2093,13283,2015-01-23,2017-02-06,��۽ü�,��,��,��,3
467,������,������,�����,���� �޸սþƾ���Ʈ,����Ʈ ����������,������ ������ 36,������ ���� 399,3724,3072,2011-05-16,2014-09-01,��۽ü�,��,��,��,3
468,���ֱ�,�����,�����,�켺����Ʈ,����Ʈ ����������,���ֱ� ����� ��ʷ� 333,���ֱ� ����� 863���� 6ȣ,2910,2401,1996-11-13,2003-01-01,��۽ü�,��,��,��,
469,���ֱ�,�����,�����,�켮���б� ��ȭ��,�����ü�,���ֱ� ����� ��ʷ� 443,���ֱ� ����� 490����,1484,1224,1999-08-02,2003-01-01,��۽ü�,��,��,��,
470,���ֱ�,�����,�����,�����ǼǾ���Ʈ,����Ʈ ����������,���ֱ� ����� ����� 111,���ֱ� ����� 297���� 2ȣ,1419,1171,1994-06-01,2010-03-01,����,��,��,��,
471,���ֱ�,�����,�����,��ʵ�����,�����ü�,���ֱ� ����� ����� 215-12,���ֱ� ����� 71���� 1ȣ,278,229,1995-12-15,2003-01-01,��۽ü�,��,��,��,
472,���ֱ�,�����,�����,�뿵����Ʈ,����Ʈ ����������,���ֱ� ����� �ձ÷� 10,���ֱ� ����� 297���� 10ȣ,6644,5481,1997-05-13,2003-01-01,����,��,��,��,
473,���ֱ�,�����,�����,�������Ʈ,����Ʈ ����������,���ֱ� ����� ��ȥ�� 50,���ֱ� ����� 106����,2583,2131,1998-01-05,2003-01-01,����,��,��,��,
474,���ֱ�,������,�����,��ۼ�Ʈ��ī��Ƽ����Ʈ,����Ʈ ����������,���ֱ� ������ �л�1�� 107,���ֱ� ������ 871���� 1ȣ,9982,8235,2009-08-10,2017-01-31,��۽ü�,��,��,��,1
475,���ֱ�,������,�����,���� ÷���ھƷ� 2������Ʈ,����Ʈ ����������,���ֱ� ������ �л�1�� 130,���ֱ� ������ 873���� 3ȣ,5783,4771,2006-05-17,2016-01-22,��۽ü�,��,��,��,1
476,���ֱ�,������,�����,��ƿ�������Ʈ,����Ʈ ����������,���ֱ� ������ �л�1�� 131,���ֱ� ������ 864���� 5ȣ,6048,4990,2012-01-03,2017-01-31,��۽ü�,��,��,��,1
477,���ֱ�,������,�����,����e-�ַ���������Ʈ,����Ʈ ����������,���ֱ� ������ �л�3�� 119-7,���ֱ� ������ 873���� 2ȣ,3485,2875,2012-06-22,2017-01-31,��۽ü�,��,��,��,1
478,���ֱ�,������,�����,���� ÷���ھƷ� 1������Ʈ,����Ʈ ����������,���ֱ� ������ �л�3�� 63,���ֱ� ������ 898���� 2ȣ,4263,3517,2005-04-30,2016-01-22,��۽ü�,��,��,��,1
479,���ֱ�,������,�����,�����ξ�2������Ʈ,����Ʈ ����������,���ֱ� ������ ���������� 76,���ֱ� ������ 273����,1801,1486,1994-07-27,2000-01-01,��۽ü�,��,��,��,
480,���ֱ�,������,�����,�ѽž���Ʈ,����Ʈ ����������,���ֱ� ������ ������ 19,���ֱ� ������ 819���� 14ȣ,2623,2164,1997-05-02,2000-01-01,��۽ü�,��,��,��,
481,���ֱ�,������,�����,LS��Ʈ�� ���������ī����,��Ÿ,���ֱ� ������ ������ 396,���ֱ� ������ 1030���� 54ȣ,1166,962,2001-05-14,2003-01-01,��۽ü�,��,��,��,
482,���ֱ�,������,�����,���ֺ����ְ�1������Ʈ,����Ʈ ����������,���ֱ� ������ �����߾ӷ� 53-18,���ֱ� ������ 1242����,3488,2878,2007-11-16,2017-01-31,��۽ü�,��,��,��,
483,���ֱ�,������,�����,���ֺ����ְ�2������Ʈ,����Ʈ ����������,���ֱ� ������ �����߾ӷ� 53-20,���ֱ� ������ 1245����,4068,3356,2008-07-17,2017-01-31,��۽ü�,��,��,��,
484,���ֱ�,������,�����,�����ڵ���,��Ÿ,���ֱ� ������ ���ֻ��5�� 163,���ֱ� ������ 762����,6429,5304,1998-05-13,2003-01-01,��۽ü�,��,��,��,
485,���ֱ�,������,�����,��õ����Ʈ����Ʈ,����Ʈ ����������,���ֱ� ������ ����� 21,���ֱ� ������ 877����,2159,1781,2001-10-31,2010-03-01,��۽ü�,��,��,��,
486,���ֱ�,������,�����,���־���Ʈ,����Ʈ ����������,���ֱ� ������ ���ַ� 716,���ֱ� ������ 876���� 4ȣ,1532,1264,1997-10-09,2010-03-01,��۽ü�,��,��,��,
487,���ֱ�,������,�����,�뿵����Ʈ,����Ʈ ����������,���ֱ� ������ ���ַ� 812,���ֱ� ������ 1581���� 1ȣ,4372,3607,1999-05-14,2010-03-01,��۽ü�,��,��,��,
488,���ֱ�,�̼���,�����,�̳���������Ʈ,����Ʈ ����������,���ֱ� �̼��� ����1�� 71,���ֱ� �̼��� ���긮 645,3732,3079,2013-11-13,2017-11-15,��۽ü�,��,��,��,1
489,���ֱ�,�̼���,�����,���ڸ�1��������Ʈ,����Ʈ ����������,���ֱ� �̼��� ���Ƿ� 25,���ֱ� �̼��� ���긮 637,3297,2720,2014-06-20,2017-11-15,��۽ü�,��,��,��,1
490,���ֱ�,�̼���,�����,LH9��������Ʈ,����Ʈ ����������,���ֱ� �̼��� ����1�� 72,���ֱ� �̼��� ���긮 646,1636,1350,2015-09-24,2017-11-15,��۽ü�,��,��,��,1
491,���ֱ�,�̼���,�����,LH10��������Ʈ,����Ʈ ����������,���ֱ� �̼��� ����1�� 12,���ֱ� �̼��� ���긮 650,2635,2174,2014-12-22,2017-11-15,��۽ü�,��,��,��,1
492,���ֱ�,�̼���,�����,���ڸ�2��������Ʈ,����Ʈ ����������,���ֱ� �̼��� �������� 29,���ֱ� �̼��� �뼭��  783,5232,4316,2014-06-20,2017-11-15,��۽ü�,��,��,��,1
493,���ֱ�,�̼���,�����,���ڸ�3��������Ʈ,����Ʈ ����������,���ֱ� �̼��� �ݱ��� 51,���ֱ� �̼��� �뼭�� 785,4718,3892,2015-06-29,2017-11-15,��۽ü�,��,��,��,1
494,���ֱ�,�����,�ű�����,�ż�����ť������Ʈ,����Ʈ ����������,���ֱ� ����� �Ÿ��� 97,���ֱ� ����� �Ÿ� 607,5048,4165,2001-08-01,2020-02-28,��۽ü�,��,��,��,
495,���ֱ�,���̸�,�ű�����,����ϵ� �����̼���,������,���ֱ� ���̸� ��ǻ�� 111-6,���ֱ� ���̸� ���⸮ 1068-7,1558,1285,2004-10-14,2020-02-13,��۽ü�,��,��,��,
496,���ֱ�,�����,�ű�����,����� ������������,������,���ֱ� ����� ����� 69-13,���ֱ� ����� ������ 715-3,549,453,2005-11-21,2020-02-13,��۽ü�,��,��,��,
497,���ֱ�,�����,�ű�����,�������,��Ÿ,���ֱ� ����� ����� 77,���ֱ� ����� ������ 881,589,486,1991-10-01,2020-02-28,��۽ü�,��,��,��,
498,���ȱ�,������,�����,��ȭ������,�󰡽ü�,���ȱ� ������ ����� 19,���ȱ� ������ ���� 282-1,308,254,1993-10-20,2002-07-01,����,��,��,��,1
499,���ȱ�,������,�����,����û�ҳ���ð�,�����ü�,���ȱ� ������ ������ 1054-14,���ȱ� ������ ���ϸ� 233,182,150,2006-02-28,2011-01-01,����,��,��,��,1
500,���ȱ�,������,�����,����ü��ȸ��,���ǽü�,���ȱ� ������ ������ 1054-38,���ȱ� ������ ���ϸ� 34,2800,2310,2000-09-06,2011-01-01,����,��,��,��,1
501,���ȱ�,������,�����,���ȱ�û,������,���ȱ� ������ �߾ӷ� 67,���ȱ� ������ ���ϸ� 97-4,384,317,1984-12-21,2000-04-01,��۽ü�,��,��,��,1
502,���ȱ�,������,�����,���Ȱ�����,������,���ȱ� ������ ��ȭ��� 3,���ȱ� ������ ���� 954-2,85,70,1985-12-31,2011-01-01,����,��,��,��,1
503,���ȱ�,������,�����,�ѱ����°���,������,���ȱ� ������ �뱪�̱� 7-21,���ȱ� ������ ���ϸ� 121-2,126,104,1989-09-12,2011-01-01,��۽ü�,��,��,��,1
504,���ȱ�,������,�����,�������繫��,������,���ȱ� ������ �뼺�� 3,���ȱ� ������ ���ϸ� 143,124,102,1989-06-08,2011-01-01,����,��,��,��,1
505,���ȱ�,������,�����,��ƿ�������Ʈ,����Ʈ ����������,���ȱ� ������ �뱤1�� 4,���ȱ� ������ ���ϸ� 387-5,2324,1917,1995-10-07,2000-04-01,��۽ü�,��,��,��,1
506,���ȱ�,������,�����,���ȱ��Ƿ��,�Ƿ�ü�,���ȱ� ������ ������ 1145,���ȱ� ������ ���� 90-144,673,555,2014-08-26,2015-10-01,��۽ü�,��,��,��,1
507,���ȱ�,������,�����,���ȼ���,�����ü�,���ȱ� ������ �뱤�� 22,���ȱ� ������ ���ϸ� 421-1,834,688,2002-07-20,2015-10-01,����,��,��,��,1
508,���ȱ�,������,�����,kt��������,������,���ȱ� ������ �߾ӷ� 78,���ȱ� ������ ���� 947-1,1447,1194,1992-07-18,2015-10-01,����,��,��,��,1
509,���ȱ�,������,�����,���ȿ�ü��,������,���ȱ� ������ ������ 1114,���ȱ� ������ ���� 403-4,232,191,1990-01-08,2015-10-01,����,��,��,��,1
510,���ȱ�,������,�����,ȫ�ｺ��,�󰡽ü�,���ȱ� ������ �ܻ��� 16-10,���ȱ� ������ �ܾ縮 744,616,508,2009-04-07,2015-10-01,����,��,��,��,1
511,���ȱ�,������,�����,ȫ���,�󰡽ü�,���ȱ� ������ �ܻ��� 16-14,���ȱ� ������ �ܾ縮 743,412,340,2009-04-07,2015-10-01,����,��,��,��,1
512,���ֱ�,������,�����,���ֱ�û ����������,������,���ֱ� ������ �ְ�� 97,���ֱ� ������ ������ 229-2,2565,2116,1988-01-01,1988-01-01,��۽ü�,��,��,��,1
513,���ֱ�,������,�����,���ֱ�û �����Ĵ�,������,���ֱ� ������ �ְ�� 97,���ֱ� ������ ������ 229-2,408,337,1988-01-01,1988-01-01,��۽ü�,��,��,��,1
514,���ֱ�,������,�����,�����Ƿ�� ��ʽ���,���ǽü�,���ֱ� ������ ��ǳ��� 413,���ֱ� ������ ��긮 701,1456,1201,2010-11-05,2010-11-05,��۽ü�,��,��,��,1
515,���ֱ�,������,�����,�ο�����Ʈ,����Ʈ ����������,���ֱ� ������ �ű��� 49,���ֱ� ������ ������ 1427-1,1998,1648,2016-11-08,2016-11-08,��۽ü�,��,��,��,1
516,���ֱ�,������,�����,�޸սþ���Ʈ,����Ʈ ����������,���ֱ� ������ ���ͷ� 26,���ֱ� ������ ������ 1190-1,1583,1306,2010-11-05,2010-11-05,��۽ü�,��,��,��,1
517,���ֱ�,��ǳ��,�����,��ǳ�� �ֹ���ġ����,������,���ֱ� ��ǳ�� ������ 171,���ֱ� ��ǳ�� ������ 574,776,640,2011-01-12,2011-01-12,����,��,��,��,1
518,���ֱ�,��õ��,�����,��õ�� �ֹ���ġ����,������,���ֱ� ��õ�� ������ 1607,���ֱ� ��õ�� ��õ�� 903,943,778,2011-01-12,2011-01-12,����,��,��,��,1
519,���ֱ�,�ȼ���,�����,�ȼ��� �ֹ���ġ����,������,���ֱ� �ȼ��� �ȼ��� 246-17,���ֱ� �ȼ��� ��⸮ 1556,80,66,2011-01-12,2011-01-12,����,��,��,��,1
520,�����,�����,�����,�����û,������,����� ����� ȣ��� 10,����� ����� 176-7,4382,3615,2018-10-10,2018-10-10,��۽ü�,��,��,��,1
521,�����,�����,�����,�����Ƿ��,�Ƿ�ü�,����� ����� ��õ�� 247,����� ����� 425,473,390,1991-08-12,2000-02-10,��۽ü�,��,��,��,1
522,�����,�����,�����,���κ���ȸ��,���ǽü�,����� ����� ����3�� 16,����� ����� 378-3,312,257,2010-11-24,2010-12-28,����,��,��,��,1
523,�����,�����,�����,�����ü��,������,�����  ����� �θ���� 5,����� ����� 454-16,653,539,2016-11-20,2016-12-23,����,��,��,��,1
524,�����,�����,�����,���������,������,����� ����� ��õ�� 8,����� ����� 546,640,528,2004-08-12,2015-12-23,��۽ü�,��,��,��,1
525,�����,�賲��,�����,��� Ÿ�ڸ�,�󰡽ü�,����� �賲�� ����� 2662-11,����� �賲�� 1454-45,3785,3123,2009-05-24,2015-12-23,��۽ü�,��,��,��,1
526,�ӽǱ�,�ӽ���,�����,�����Ƿ��,�Ƿ�ü�,�ӽǱ� �ӽ��� ȣ���� 1680,�ӽǱ� �ӽ��� �̵��� 233-7,664,548,2009-07-08,2011-01-10,��۽ü�,��,��,��,1
527,�ӽǱ�,�ӽ���,�����,�ӽǱ���ȸ��,���ǽü�,�ӽǱ� �ӽ��� ȣ���� 1703,�ӽǱ� �ӽ��� �̵��� 270-8,2412,1990,1996-10-31,2011-01-10,��۽ü�,��,��,��,1
528,�ӽǱ�,�ӽ���,�����,�ӽǱ�û,������,�ӽǱ� �ӽ��� ������ 30,�ӽǱ� �ӽ��� �̵��� 78,776,640,2010-06-28,2011-01-10,��۽ü�,��,��,��,1
529,�ӽǱ�,�ӽ���,�����,�ӽǿ�ü��,������,�ӽǱ� �ӽ��� ��Ȳ8�� 27,�ӽǱ� �ӽ��� ������ 55,1046,863,2010-11-05,2011-01-10,��۽ü�,��,��,��,1
530,�ӽǱ�,�ӽ���,�����,���Ϻ���ȯ�濬����,������,�ӽǱ� �ӽ��� ȣ���� 1601,�ӽǱ� �ӽ��� �̵��� 277,1101,908,2010-01-07,2011-01-10,��۽ü�,��,��,��,1
531,�ӽǱ�,�ӽ���,�����,����119����ü���,������,�ӽǱ� �ӽ��� ȣ���� 1630,�ӽǱ� �ӽ��� �̵��� 473,853,704,2013-11-07,2015-11-10,��۽ü�,��,��,��,1
532,�ӽǱ�,�ӽ���,�����, KT �ӽ�����,������,�ӽǱ� �ӽ��� ��Ȳ�� 143,�ӽǱ� �ӽ��� �̵��� 617,873,720,1986-12-26,2015-12-17,����,��,��,��,1
533,�ӽǱ�,�ӽ���,�ű�����,�ھƷ� ������Ʈ ����Ʈ,����Ʈ ����������,�ӽǱ� �ӽ��� ȣ�ݷ� 12,�ӽǱ� �ӽ��� �̵��� 982,5021,4143,2018-07-09,2019-06-21,����,��,��,��,1
534,�ӽǱ�,�ӽ���,�ű�����,�ӽ� ���ڸ� ����Ʈ,����Ʈ ����������,�ӽ��� ��Ȳ11�� 94,�ӽǱ� �ӽ��� �̵��� 221,2739,2260,2018-12-14,2019-06-21,����,��,��,��,1
535,��â��,��â��,�����,��â��û,������,��â�� ��â�� ��õ�� 33,��â�� ��â�� ��ȭ�� 315-4,599,494,1981-12-31,1981-12-31,��۽ü�,��,��,��,1
536,��â��,��â��,�����,��â������,������,��â�� ��â�� ����� 311,��â�� ��â�� ��ȭ�� 479,192,158,1984-08-30,1984-08-30,��۽ü�,��,��,��,0
537,��â��,��â��,�����,��������,������,��â�� ��â�� ��õ�� 41,��â�� ��â�� ��ȭ�� 123-5,375,309,1983-12-31,1983-12-31,����,��,��,��,0
538,��â��,��â��,�����,�ž�������,�󰡽ü�,��â�� ��â�� ����� 347,��â�� ��â�� ��ȭ�� 112-6,1248,1030,2007-03-29,2007-03-29,����,��,��,��,0
539,��â��,��â��,�����,��ž���Ʈ,����Ʈ ���ϰ���,��â�� ��â�� ����� 296,��â�� ��â�� ��ȭ�� 465-1,501,413,1995-10-07,1995-10-07,����,��,��,��,0
540,��â��,��â��,�����,��â���繫��,������,��â�� ��â�� ����� 407-7,��â�� ��â�� ���踮 966,97,80,1995-11-27,1995-11-27,��۽ü�,��,��,��,0
541,��â��,��â��,�����,��â������������,������,��â�� ��â�� ����� 388,��â�� ��â�� ���踮 227-5,276,228,1993-07-19,1993-07-19,����,��,��,��,0
542,��â��,��â��,�����,�뼮����Ʈ,����Ʈ ����������,��â�� ��â�� ������ 75,��â�� ��â�� ���踮 343,2661,2195,1993-01-19,1993-01-19,����,��,��,��,0
543,��â��,��â��,�����,����Ÿ�����Ʈ,����Ʈ ���ϰ���,��â�� ��â�� ����� 96,��â�� ��â�� ���踮 248,958,790,1995-07-13,1995-07-13,����,��,��,��,0
544,��â��,��â��,�����,(��)�����Ƿ��,������,��â�� ��â�� ��â�� 127,��â�� ��â�� ������ 419-1,530,437,2000-06-04,2000-06-04,����,��,��,��,0
545,��â��,��â��,�����,��â��纴��,�Ƿ�ü�,��â�� ��â�� ��â�� 105,��â�� ��â�� ������ 507-7,387,319,2010-08-17,2010-08-17,��۽ü�,��,��,��,0
546,��â��,��â��,�����,��������,������,��â�� ��â�� ����� 61,��â�� ��â�� ��긮 744-10,262,216,2006-01-10,2006-01-10,��۽ü�,��,��,��,0
547,��â��,��â��,�����,��õ�����,�����ü�,��â�� ��â�� ��õ�� 145-8,��â�� ��â�� ���Ǹ� 132,284,234,1981-04-30,1981-04-30,����,��,��,��,0
548,��â��,��â��,�����,�������̷���,����Ʈ ����������,��â�� ��â�� ����� 422,��â�� ��â�� ���踮 990,2053,1694,2013-12-09,2013-12-09,��۽ü�,��,��,��,0
549,��â��,��â��,�����,��â��û,������,��â�� ��â�� �߾ӷ� 245,��â�� ��â�� ���̸� 275-3,240,198,1993-10-23,1993-10-23,��۽ü�,��,��,��,1
550,��â��,��â��,�����,û�ҳ���ð�,������,��â�� ��â�� ���� 36,��â�� ��â�� ���ϸ� 316,2234,1843,2001-09-10,2001-09-10,,,,,1
551,��â��,��â��,�����,��â����,�Ƿ�ü�,��â�� ��â�� ȭ��1�� 9,��â�� ��â�� ������ 663,400,330,1991-03-23,1991-03-23,,,,,1
552,��â��,��â��,�����,���Ͼ���Ʈ 102��,����Ʈ ����������,��â�� ��â�� ����1�� 51,��â�� ��â�� ��� 586,2133,1760,1999-12-23,1999-12-23,,,,,1
553,��â��,��â��,�����,�ְ�����Ʈ 102��,����Ʈ ����������,��â�� ��â�� ����1�� 43,��â�� ��â�� ��� 585,1680,1386,2000-02-29,2000-02-29,,,,,1
554,��â��,��â��,�����,�������Ʈ,����Ʈ ����������,��â�� ��â�� ������� 195,��â�� ��â�� ������ 10-8,3419,2821,1995-08-25,1995-08-25,,,,,1
555,��â��,��â��,�����,������Ǽ�,����Ʈ ����������,��â�� ��â�� �߰Ÿ����� 106,��â�� ��â�� ������ 410-9,1995,1646,1995-03-06,1995-03-06,,,,,1
556,��â��,��â��,�����,�����Ӵ����Ʈ,����Ʈ ����������,��â�� ��â�� ������ 172-14,��â�� ��â�� ������ 56-2,2812,2320,1998-07-20,1998-07-20,,,,,1
557,��â��,��â��,�����,���������� 2��,����Ʈ ����������,��â�� ��â�� ��缺�� 108,��â�� ��â�� ���̸� 224-3,1436,1185,1995-04-08,1995-04-08,,,,,1
558,��â��,��â��,�����,���ϱ�ȸ,�����ü�,��â�� ��â�� �߾ӷ� 273,��â�� ��â�� ���̸� 81-1,400,330,1990-08-02,1990-08-02,,,,,1
559,��â��,��â��,�����,��â�߾ӱ�ȸ,�����ü�,��â�� ��â�� ���ε���� 1792,��â�� ��â�� ������ 687,901,743,2010-04-01,2010-04-01,,,,,1
560,��â��,��â��,�����,����ȣ��,�󰡽ü�,��â�� ��â�� �߰Ÿ����� 42,��â�� ��â�� ���긮 189-5,767,633,1997-01-27,1997-01-27,,,,,1
561,��â��,��â��,�����,�޸սþƾ���Ʈ,����Ʈ ����������,��â�� ��â�� ����� 19,��â�� ��â�� ������ 1222,1590,1312,2009-09-30,2009-09-30,,,,,1
562,��â��,��â��,�����,�Ƹ��̾Ⱦ���Ʈ,����Ʈ ����������,��â�� ��â�� õ������ 12,��â�� ��â�� ������ 609,1383,1141,2008-07-29,2008-07-29,,,,,1
563,��â��,��â��,�����,���������ھ���Ʈ 103��,����Ʈ ����������,��â�� ��â�� ������� 191,��â�� ��â�� ������ 10-3,2525,2083,2009-07-22,2009-07-22,,,,,1
564,��â��,��â��,�����,��â�ſ���������,������,��â�� ��â�� ������ 46,��â�� ��â�� ������ 576-5,429,354,1992-09-02,1992-09-02,,,,,1
565,��â��,��â��,�����,��â�ξ�����,������,��â�� ��â�� �߾ӷ� 214,��â�� ��â�� ������ 863-48,470,388,1995-05-10,1995-05-10,,,,,1
566,��â��,��â��,�����,������纴��,�Ƿ�ü�,��â�� ��â�� ������� 8,��â�� ��â�� ���긮 192-21,472,389,2005-01-13,2005-01-13,,,,,1
567,��â��,��â��,�����,�ټذ�,�ְŽü�,��â�� ��â�� �ҹ�2�� 15,��â�� ��â�� ���̸� 231,1433,1182,2006-11-02,2006-11-02,,,,,1
568,�ξȱ�,�ξ���,�����,�ְ� 2������Ʈ,����Ʈ ���ϰ���,�ξȱ� ������ 286,�ξȱ� �ξ��� ������ 909,1212,1000,2003-09-25,2003-09-25,��۽ü�,��,��,��,1
569,�ξȱ�,�ξ���,�����,�ְ� 3������Ʈ,����Ʈ ����������,�ξȱ� ��ǳ�� 122 ,�ξȱ� �ξ��� ���ܸ� 630,1818,1500,2007-03-22,2007-02-20,����,��,��,��,1
570,�ξȱ�,�ξ���,�����,��������Ʈ,����Ʈ ����������,�ξȱ� ������ 11  ,�ξȱ� �ξ��� ������ 793-4,1310,1081,1993-12-10,1994-01-01,��۽ü�,��,��,��,1
571,�ξȱ�,�ξ���,�����,�ְ� 1������Ʈ,����Ʈ ����������,�ξȱ� �е��� 4 ,�ξȱ� �ξ��� ������ 873,2933,2420,1998-06-27,1999-01-01,��۽ü�,��,��,��,1
572,�ξȱ�,�ξ���,�����,����ȸ��,���ǽü�,�ξȱ� ����ȸ���� 11  ,�ξȱ� �ξ��� ���ܸ� 455-51,970,800,2001-01-10,2003-01-02,��۽ü�,��,��,��,1
573,�ξȱ�,�ξ���,�����,�븲����Ʈ,����Ʈ ���ϰ���,�ξȱ� ���ֱ� 5,�ξȱ� �ξ��� ������ 258-1,1202,992,1997-08-29,2005-01-28,��۽ü�,��,��,��,1
574,�ξȱ�,�ξ���,�����,��������Ʈ,����Ʈ ���ϰ���,�ξȱ� �е��� 11-6 ,�ξȱ� �ξ��� ������ 814,970,800,1990-01-01,2005-01-28,����,��,��,��,1
575,�ξȱ�,�ξ���,�����,�������Ʈ,����Ʈ ���ϰ���,�ξȱ� ����� 19 ,�ξȱ� �ξ��� ���߸� 106,938,774,1993-11-19,2005-01-28,����,��,��,��,1
576,�ξȱ�,�ξ���,�����,���̾Ⱦ���Ʈ,����Ʈ ����������,�ξȱ� �������� 172  ,�ξȱ� �ξ��� ������ 910,3152,2600,2005-10-21,2006-07-12,��۽ü�,��,��,��,1
577,�ξȱ�,�ξ���,�����,�ξȱ�û,������,�ξȱ� ���� 91 ,�ξȱ� �ξ��� ���߸� 222-1,4606,3800,2010-12-02,2010-11-29,��۽ü�,��,��,��,1
578,�ξȱ�,�ξ���,�����,�������Ʈ,����Ʈ ����������,�ξȱ� ���ű� 19 ,�ξȱ� �ξ��� ������ 626-4,2332,1924,1995-01-01,1995-01-02,��۽ü�,��,��,��,1
579,�ξȱ�,�ξ���,�����,�̼Ұ���(�ְ�4��),����Ʈ ����������,�ξȱ� ������ 262 ,�ξȱ� �ξ��� ������ 912,7273,6000,2015-02-01,2017-10-19,��۽ü�,��,��,��,1
580,�ξȱ�,�����,�����,�۸�����Ʈ,����Ʈ ����������,�ξȱ� ������ 80  ,�ξȱ� ����� ������ 408,6061,5000,2000-10-01,2011-03-09,��۽ü�,��,��,��,1
581,�ξȱ�,�����,�����,�������Ʈ,�󰡽ü�,�ξȱ� �����غ��� 51  ,�ξȱ� ����� ������ 259-63,1212,1000,2008-07-11,2011-03-09,��۽ü�,��,��,��,1
582,�ξȱ�,�����,�����,������Ʈ,����Ʈ ����������,�ξȱ� �������� 20  ,�ξȱ� ����� ������ 272-21,2424,2000,1994-02-04,2011-03-10,��۽ü�,��,��,��,1
